ID,What age are you?,What gender do you identify as?,What is your nationality?,Which of the following describes you best (Chose multiple):,Student,Employed Fulltime,Employed Parttime,Self-Employed,"Stay at Home,Care Giver","Looking f, W,k",Retired,None of the above,What is your approximate income level?,How many cups of coffee do you usually drink per day?,What time of day do you typically drink coffee (multiple choice)?,6am to 10am,10am to 1pm,1pm to 3pm,After 3pm,"Where do you usually get your coffee (Home, Cafe, Workplace, etc.)?",Home,Cafe,University,Workplace,Other,What is the primary reason for drinking coffee?,"If you personalise your coffee (sugar, milk type, temperature etc), please describe how?","If you do personalise your coffee, please explain why?","How much are you prepared to pay f, a coffee?","Do you prefer Hot , Cold coffee?","Do you prefer regular , decaf?","Do you bring your own reusable cup?
","Do you usually buy from large coffee chains , small,local businesses?","If you do buy from a small,local businesses, please say why","Do you buy coffee to be m,e productive?","How does coffee make you feel?
",Do you feel guilty about drinking too much coffee?,"Do you have side effects to drinking , not drinking coffee?
","I drink m,e ice coffee when the weather is Hot.",I tend not to venture to a coffee shop when it is raining.,The weather influences the type of coffee I get.
1,39.5,Man,Irish,Employed Fulltime;,0,1,0,0,0,0,0,0,"80,000",1,10am to 1pm,0,1,0,0,Workplace,0,0,0,1,0,Energy,Milk,Tastes better,€4,Hot,Regular,Yes,"Small , local business",better coffee from small roasters. like the interaction.,Yes,Alert,No,Yes,Disagree,"Neither agree n, disagree",Agree
2,29.5,Woman,Chinese,Student;,1,0,0,0,0,0,0,0,"5,000",1,6am to 10am,1,0,0,0,Home,1,0,0,0,0,Lifestyle,,,,Cold,Regular,No,Large Chain,,Maybe,Refresh,No,Yes,Strongly agree,Strongly disagree,"Neither agree n, disagree"
3,49.5,Man,Irish,Employed Fulltime;,0,1,0,0,0,0,0,0,"80,000",1,"6am to 10am,1pm to 3pm",1,0,0,0,"Home, Workplace, Cafe",1,1,0,1,0,Energy,"Latte, Milk Alt",I prefer oat milk as it is not as heavy on my stomach.,4.5,Hot,Both (depending on time of day),Sometimes,"Small , local business","I want to supp,t small businesses , not large c,p,ate giants.",Yes,Relaxed,No,No,Agree,Strongly disagree,"Neither agree n, disagree"
4,29.5,Woman,Chinese,Self-Employed;Student;,1,0,0,1,0,0,0,0,"31,500",1,"1pm to 3pm,",0,0,0,0,Cafe,0,1,0,0,0,No Reason,Cold,"	I like to control the caffeine level, so I choose decaf , half-caff options to avoid feeling jittery.",€5,Cold ,Regular,No,Both,"I buy from small , local businesses because I want to supp,t the local economy , help independent owners grow.",,Exciting ,Sometimes,Maybe,Agree,,Agree
5,21,Woman,Irish,Employed Fulltime;,0,1,0,0,0,0,0,0,"31,500",3,"6am to 10am,10am to 1pm,1pm to 3pm",1,1,0,0,"Home, Cafe , Workplace",1,1,0,1,0,"Taste, Energy","Milk , Sugar ",Taste,€4.90,Hot,Regular,Yes,"Small , local business","I hate big chains , prefer to supp,t smaller places , coffee is usually better too",Maybe,Great,Yes,No,Agree,Agree,Disagree
6,29.5,Man,Chinese,Student;,1,0,0,0,0,0,0,0,"14,000",2,10am to 1pm,0,1,0,0,Cafe ,0,1,0,0,0,No Reason,"m, Cold",,,Cold,Regular,No,Large Chain,,Maybe,,Sometimes,Maybe,Agree,Agree,Agree
7,49.5,Woman,American,"Stay at Home,Care Giver;",0,0,0,0,1,0,0,0,"80,000",2,6am to 10am,1,0,0,0,Home,1,0,0,0,0,"Taste, Caffeine ","Milk Alt, Frothed milk","I enjoy soy milk in my coffee because it has less fat than cream , taste better than milk.",,Hot,Regular,No,Both,Location,Yes,"Happy, Awake",No,Yes,Agree,"Neither agree n, disagree",Agree
8,29.5,Man,Chinese,"Student;Looking f, W,k;",1,0,0,0,0,1,0,0,"5,000",2,"10am to 1pm,1pm to 3pm,",0,1,0,0,Home,1,0,0,0,0,Lifestyle,"Americano, Milk",No,,Both,Regular,No,Both,Convenience,Yes,Good,No,No,Strongly agree,"Neither agree n, disagree",Agree
9,21,Man,Irish,"Looking f, W,k;",0,0,0,0,0,1,0,0,"5,000",1,"10am to 1pm,",0,1,0,0,Home,1,0,0,0,0,"Taste, Energy","Flat White, Espresso, Milk",I just think it tastes better ,€4,Hot,Regular,No,"Small , local business",I don’t buy much coffee but I don’t like the aesthetics do any big chain,Yes,Focused,No,Yes,Strongly agree,Agree,Agree
10,21,Woman,Irish ,Student;,1,0,0,0,0,0,0,0,"5,000",3,"6am to 10am,10am to 1pm,After 3pm,",1,1,0,1,"Home , Cafe ",1,1,0,0,0,Energy,"Milk, Milk Alt",to keep it interesting ,€4,Cold ,Regular,No,"Small , local business",i’d rather give them the business,Yes,Energised,Sometimes,Yes,Strongly agree,Agree,Strongly agree
11,21,Woman,Irish,"Looking f, W,k;",0,0,0,0,0,1,0,0,"5,000",3,"6am to 10am,",1,0,0,0,Home,1,0,0,0,0,Taste,Milk Alt,Better taste,,Hot,Decaf,No,"Small , local business",Friendlier interactions,No,Comfort,No,No,Agree,Agree,Agree
12,21,Man,Chinese,Student;,1,0,0,0,0,0,0,0,"5,000",3,"6am to 10am,1pm to 3pm,After 3pm,10am to 1pm,",1,1,0,1,"Home, Cafe",1,1,0,0,0,Lifestyle,,I like the taste of coffee itself,,Cold,Decaf,Yes,Both,,Yes,Pleasure,No,Yes,Strongly agree,Agree,Strongly disagree
13,21,Man,Irish,Employed Fulltime;,0,1,0,0,0,0,0,0,"31,500",3,"6am to 10am,After 3pm,10am to 1pm,1pm to 3pm,",1,1,0,1,Home,1,0,0,0,0,"Taste, Caffeine ","Sugar, Milk","Milk , sugar improves the taste",€4,Hot,Regular,No,"Small , local business","Usually nicer , less generic",No,Awake,No,Maybe,Agree,Agree,Agree
14,21,Man,Malaysian,Student;,1,0,0,0,0,0,0,0,"14,000",1,"6am to 10am,",1,0,0,0,Workplace,0,0,0,1,0,Energy,White Coffee,because I only drink white coffee,,Hot,Regular,Yes,"Small , local business",It only sells at that shop,No,Drowsy,Sometimes,No,"Neither agree n, disagree","Neither agree n, disagree","Neither agree n, disagree"
15,29.5,Woman,Kazakh ,Student;,1,0,0,0,0,0,0,0,"14,000",2,"10am to 1pm,",0,1,0,0,Cafe,0,1,0,0,0,Sleepy,,Pure taste ,,Hot,Regular,No,Large Chain,,Yes,,No,No,Agree,Agree,Agree
16,49.5,Man,Malaysian ,Employed Fulltime;,0,1,0,0,0,0,0,0,"80,000",0.2,"6am to 10am,",1,0,0,0,Cafe,0,1,0,0,0,Energy,"Milk , Sugar ","F, better taste ",,Hot,Regular,No,"Small , local business","Aff,dable ",No,Refreshing ,No,No,Disagree,Agree,"Neither agree n, disagree"
17,49.5,Woman,Malaysian,Employed Parttime;,0,0,1,0,0,0,0,0,"5,000",,"10am to 1pm,",0,1,0,0,Cafe,0,1,0,0,0,Taste ,Cold,,,Cold,Decaf,No,"Small , local business",,Maybe,Satisfied ,No,No,"Neither agree n, disagree","Neither agree n, disagree","Neither agree n, disagree"
18,29.5,Woman,Taiwanese,"Employed Fulltime;Stay at Home,Care Giver;",0,1,0,0,1,0,0,0,"14,000",1,"10am to 1pm,",0,1,0,0,Cafe,0,1,0,0,0,Energy,,No why,,Cold ,Regular,Sometimes,Large Chain,Because it tastes better than large chain,Maybe,,No,No,Strongly agree,Agree,Disagree
19,21,Man,Irish,Student;Employed Parttime;,1,0,1,0,0,0,0,0,"14,000",1,"6am to 10am,",1,0,0,0,Workplace,0,0,0,1,0,Taste ,"Milk, Sugar",I think it tastes the best this way,€4,Hot,Regular,Sometimes,Both,"To supp,t SME’s",Maybe,Hyper,No,Yes,Strongly agree,Strongly agree,Strongly agree
20,29.5,Man,Indian,Employed Fulltime;,0,1,0,0,0,0,0,0,"80,000",2,"10am to 1pm,After 3pm,",0,1,0,1,Workplace,0,0,0,1,0,No Reason,"Milk, Sugar, Warm",NA,,Hot,Regular,No,Large Chain,NA,Maybe,Relaxing ,No,No,Disagree,"Neither agree n, disagree","Neither agree n, disagree"
21,21,Man,Irish,Student;,1,0,0,0,0,0,0,0,"5,000",1,"1pm to 3pm,",0,0,0,0,Cafe,0,1,0,0,0,Taste,Milk,Coffee too strong on its own,,Hot,Regular,No,"Small , local business",Convenient ,No,"N,mal",No,No,Strongly disagree,Disagree,Strongly disagree
22,21,Man,Irish ,Student;Employed Parttime;,1,0,1,0,0,0,0,0,"5,000",1,"10am to 1pm,",0,1,0,0,Home,1,0,0,0,0,Caffeine,"Americano, Milk",,€4,Hot,Regular,No,"Small , local business",Closer to me,Yes,Awake,No,Yes,Disagree,"Neither agree n, disagree",Disagree
23,29.5,Woman,Indian,Employed Fulltime;,0,1,0,0,0,0,0,0,"14,000",3,"After 3pm,6am to 10am,1pm to 3pm,",1,0,0,1,"Home , Cafe ",1,1,0,0,0,Energy,"Hot, Condensed Milk","I don’t like if it is too sweet , bit Cold",,Hot ,Regular,No,Large Chain,,Yes,Relaxed ,Sometimes,Maybe,Strongly disagree,Disagree,Disagree
24,59.5,Man,Irish,Retired;,0,0,0,0,0,0,1,0,"40,000",1,"After 3pm,",0,0,0,1,Home,1,0,0,0,0,Lifestyle,,,€4,Hot,Regular,No,Both,It's convenient ,No,Nice taste,No,No,"Neither agree n, disagree",Disagree,"Neither agree n, disagree"
25,21,Woman,Indian ,Employed Fulltime;,0,1,0,0,0,0,0,0,"23,500",1,"6am to 10am,",1,0,0,0,Home ,1,0,0,0,0,,,,,,Both (depending on time of day),No,Both,,Yes,,No,No,Agree,Agree,Agree
26,21,Man,Irish,Student;,1,0,0,0,0,0,0,0,"5,000",1,"6am to 10am,",1,0,0,0,Cafe,0,1,0,0,0,Energy,Milk,Make it drinkable,€5,Hot,Regular,No,Both,"Usually cheaper , better coffee",Yes,Energetic,Sometimes,Yes,Disagree,"Neither agree n, disagree",Disagree
27,59.5,Woman,Irish,"Stay at Home,Care Giver;",0,0,0,0,1,0,0,0,"31,500",3,"10am to 1pm,After 3pm,",0,1,0,1,Home,1,0,0,0,0,Taste,,,€5,Hot,Regular,No,Large Chain,,Maybe,Awake,No,No,Agree,Disagree,Agree
28,29.5,Man,Filipino,Employed Fulltime;,0,1,0,0,0,0,0,0,"40,000",2,"After 3pm,",0,0,0,1,Cafe,0,1,0,0,0,Energy,Spanish latte,"N,A",,Cold,Regular,No,Both,Proximity from where Im at,Yes,"Sharp , Calm",Sometimes,No,Agree,Disagree,Agree
29,29.5,Man,Indian,Employed Fulltime;,0,1,0,0,0,0,0,0,"23,500",8,"6am to 10am,10am to 1pm,1pm to 3pm,After 3pm,",1,1,0,1,Workplace,0,0,0,1,0,"Energy, Taste","Milk, Hot","The caffeine isn't enough f, me in a st,e bought coffee",,Hot,Both (depending on time of day),No,Both,"Don't really have a reason, but large chains are usually pricier , they don't have anything special really. The caffeine is not enough f, me.",Yes,It gives me a jolt of attentiveness,No,Maybe,Strongly disagree,Disagree,Disagree
30,29.5,Man,American,Employed Fulltime;,0,1,0,0,0,0,0,0,"80,000",2,"6am to 10am,10am to 1pm,",1,1,0,0,Home,1,0,0,0,0,Taste,"Milk , Half & Half",It tastier that way. ,,Both,Regular,Yes,"Small , local business",Sbux kinda sucks these days. ,No,Cha cha cha,No,No,Disagree,Disagree,Disagree
31,21,Man,American,Employed Fulltime;,0,1,0,0,0,0,0,0,"70,000",2,"6am to 10am,10am to 1pm,1pm to 3pm,",1,1,0,0,Workplace ,0,0,0,1,0,Energy,Cream,Our coffee machine makes bad tasting coffee,,Both,Regular,No,Both, ,Yes,Alive ,No,No,Agree,Disagree,Agree
32,29.5,Man,Pakistani,Student;,1,0,0,0,0,0,0,0,"5,000",1,"After 3pm,",0,0,0,1,Home,1,0,0,0,0,"Energy, Taste","Sugar, Milk","I like it simple with milk , sugar",€3,,Regular,Yes,Both,"usually they know my ,der",No,"Comf,ted",No,No,Agree,Agree,Strongly agree
33,29.5,Man,Pakistani,"Student;Looking f, W,k;",1,0,0,0,0,1,0,0,"5,000",2,"After 3pm,",0,0,0,1,Home,1,0,0,0,0,Energy,Double Shot,Suits my taste,€4,Both ,Regular,Sometimes,Both,Better customer service ,No,Energetic ,No,No,Disagree,Agree,Strongly agree
34,39.5,Woman,Irish,Employed Fulltime;,0,1,0,0,0,0,0,0,"14,000",2,"6am to 10am,1pm to 3pm,",1,0,0,0,Home,1,0,0,0,0,"Taste, Lifestyle ",Frothed Milk,Improve taste ,€4,Both,Both (depending on time of day),Yes,"Small , local business","Supp,t local ",Yes,Satisfied ,No,Maybe,Agree,"Neither agree n, disagree",Agree
35,59.5,Woman,Singaporean,Employed Parttime;,0,0,1,0,0,0,0,0,"5,000",1,"1pm to 3pm,",0,0,0,0,Home ,1,0,0,0,0,Lifestyle,"Sugar, Milk, Hot",Just love it Hot,,Hot,Regular,No,"Small , local business",Convenient ,Maybe,Satisfying my desire,No,No,Agree,"Neither agree n, disagree",Agree
36,21,Man,Irish ,Student;Employed Parttime;,1,0,1,0,0,0,0,0,"14,000",2,"6am to 10am,10am to 1pm,1pm to 3pm,After 3pm,",1,1,0,1,"Home, Workplace, Cafe",1,1,0,1,0,"Taste , Energy ",Milk ,Frothier feel to it,€4,Hot,Regular,No,Both,Just depends where I am ,Yes,"M,e awake , warmer (Cold weather)",No,No,Agree,"Neither agree n, disagree",Agree
37,21,Man,American,Student;Employed Fulltime;,1,1,0,0,0,0,0,0,"5,000",2,"6am to 10am,10am to 1pm,",1,1,0,0,Cafe,0,1,0,0,0,"Energy, Taste","Milk, Hot, Cold, Cream, Sugar ",It’s make it taste nice,,Both,Regular,No,Both,"Convenient location , also money doesn’t go towards union busting",Yes,"Energized, focused, jittery",No,Yes,Strongly agree,"Neither agree n, disagree",Strongly agree
38,29.5,Man,American,"Looking f, W,k;",0,0,0,0,0,1,0,0,"80,000",2,"6am to 10am,10am to 1pm,",1,1,0,0,Home,1,0,0,0,0,Energy,cappuccino with whole milk,milk alternatives just aren't the same as whole milk,,Both,Regular,No,"Small , local business",Starbucks sucks,Maybe,alert,No,Yes,Agree,Agree,Agree
39,21,Man,American,Employed Fulltime;,0,1,0,0,0,0,0,0,"31,500",1,"10am to 1pm,",0,1,0,0,Home ,1,0,0,0,0,Energy,"Sometimes just sugar, other times cream , sugar",Sweet tooth ,,Hot,Regular,No,"Small , local business","I feel better supp,ting them than big c,p,ations ",Yes,"M,e energetic clear headed , m,e talkative",No,No,Strongly agree,"Neither agree n, disagree",Agree
40,29.5,Woman,Indian ,Employed Fulltime;,0,1,0,0,0,0,0,0,"80,000",2,"6am to 10am,After 3pm,",1,0,0,1,"Cafe , Workplace ",0,1,0,1,0,Energy,Cappuccino with less sugar,,,Hot,Regular,No,Large Chain,,Yes,Fresh,No,No,Agree,Disagree,Agree
41,29.5,Man,Indian,Student;,1,0,0,0,0,0,0,0,"5,000",1,"10am to 1pm,",0,1,0,0,"Home, Cafe",1,1,0,0,0,Lifestyle,Strong with milk ,,,Hot,Regular,No,Both,,Maybe,,No,No,Disagree,,Disagree
42,29.5,Man,Indian,Student;,1,0,0,0,0,0,0,0,"5,000",2,"6am to 10am,",1,0,0,0,Home,1,0,0,0,0,Energy,Without sugar,Dont want to consume sugar,,Hot,Regular,No,Both,Taste,Yes,Energetic,No,No,Strongly agree,Strongly disagree,Strongly agree
43,29.5,Woman,Philippines ,Self-Employed;,0,0,0,1,0,0,0,0,"23,500",1,"10am to 1pm,1pm to 3pm,",0,1,0,0,Home,1,0,0,0,0,Taste,"Sugar, low fat , skim milk","I have specific preference f, my sugar , milk",€4,Hot,Decaf,No,Both,"F, the vibe,ambiance, sometimes their coffee tastes bettee",Yes,Happy,No,Yes,Agree,Disagree,Strongly agree
44,21,Woman,Greek,"Student;Looking f, W,k;",1,0,0,0,0,1,0,0,"5,000",2,"10am to 1pm,6am to 10am,",1,1,0,0,"Home, Cafe, Workplace, Other",1,1,0,1,1,Lifestyle ,"medium to sweet (depending) , Cold when I need caffeine, Hot when I want it tasty","depending on why I drink (explained above) , temperature, whether I am Home , at a Cafe (equipment)",€5,Both,Regular,Sometimes,Both,"aesthetic, location ",Maybe,it depends ,Sometimes,Maybe,Agree,"Neither agree n, disagree","Neither agree n, disagree"
45,21,Man,Cameroonian,Employed Fulltime;,0,1,0,0,0,0,0,0,"31,500",4,"6am to 10am,",1,0,0,0,Workplace ,0,0,0,1,0,Lifestyle, No,No,€4,Hot,Regular,Sometimes,Both,,Yes,Relaxed ,No,No,Agree,Strongly agree,Strongly agree
46,29.5,Woman,Japanese,Student;,1,0,0,0,0,0,0,0,"5,000",1,"6am to 10am,",1,0,0,0,Home,1,0,0,0,0,"Taste, Energy",after i came here i like to drink with coffee but i like drink it straight ,,€0,Cold,Regular,Yes,Both,,Yes,"i feel awake , m,e productive ",Yes,No,Disagree,Agree,Strongly agree
47,39.5,Man,Canadian,Employed Fulltime;,0,1,0,0,0,0,0,0,"31,500",3,"6am to 10am,10am to 1pm,After 3pm,",1,1,0,1,"Home, Workplace , Home",1,0,0,1,0,Energy,"Sweetner, mocha","Sometimes I sweeten my coffee as a treat, like a nice desert after dinner.",€5,Hot,Regular,Sometimes,Both,"Convince , w,d of mouth reputation ",Yes,"Calm, focused, awake, alert",No,Yes,Disagree,Agree,Disagree
48,21,Woman,Irish,None of the above;,0,0,0,0,0,0,0,1,"5,000",1,"10am to 1pm,1pm to 3pm,",0,1,0,0,Cafe,0,1,0,0,0,Energy,iced latte with oat milk ,"f, taste ",€5,Cold ,Both (depending on time of day),No,"Small , local business",usually nicer coffee & vibe ,Yes,"anxious , nervous ",Sometimes,Yes,Agree,Agree,Agree
49,49.5,Woman,Irish,Employed Parttime;,0,0,1,0,0,0,0,0,"23,500",4,"6am to 10am,10am to 1pm,1pm to 3pm,",1,1,0,0,Home,1,0,0,0,0,Taste,lots of milk,I love milky coffee ,€4,Hot,Both (depending on time of day),Sometimes,Both,"Prefer to supp,t local businesses ",Maybe,Satisfied ,Sometimes,Maybe,Strongly disagree,"Neither agree n, disagree",Disagree
50,59.5,Man,Irish ,Employed Fulltime;,0,1,0,0,0,0,0,0,"14,000",2,"6am to 10am,1pm to 3pm,",1,0,0,0,Cafe,0,1,0,0,0,Taste,No,,,Hot,Regular,No,Both,,No,Fine,No,No,Disagree,Disagree,Disagree
51,21,Man,Irish,"Employed Parttime;Looking f, W,k;",0,0,1,0,0,1,0,0,"23,500",1,"10am to 1pm,1pm to 3pm,",0,1,0,0,Workplace,0,0,0,1,0,Caffeine,"No sugar, dairy milk, Hot",,€3,Hot,Regular,No,"Small , local business","Better customer experience , I prefer to supp,t small , Irish business",Yes,"M,e energised , focused",No,Yes,Agree,Disagree,Agree
52,29.5,Man,Irish,Employed Fulltime;,0,1,0,0,0,0,0,0,"14,000",2,"6am to 10am,1pm to 3pm,",1,0,0,0,Cafe ,0,1,0,0,0,Taste,,,€4,Hot,Regular,No,"Small , local business","Supp,t",Maybe,"M,e stimulated ",No,No,"Neither agree n, disagree","Neither agree n, disagree","Neither agree n, disagree"
53,49.5,Man,Irish ,Employed Fulltime;,0,1,0,0,0,0,0,0,"70,000",3,"6am to 10am,1pm to 3pm,After 3pm,",1,0,0,1,"Home, Workplace, Cafe ",1,1,0,1,0,Taste,"Hazelnut syrup , milk",No added sugar syrup ,€3.50,Hot,Regular,Sometimes,Both,Because it's closer  to me,No,Ok,No,No,"Neither agree n, disagree","Neither agree n, disagree","Neither agree n, disagree"
54,49.5,Woman,Irish,Employed Fulltime;,0,1,0,0,0,0,0,0,"14,000",1,"6am to 10am,",1,0,0,0,Home,1,0,0,0,0,Taste,Black,How i like it,€4,Hot,Regular,No,Both,"If it's h,y",No,No different,No,No,Disagree,"Neither agree n, disagree",Strongly disagree
55,29.5,Woman,Irish,Employed Fulltime;,0,1,0,0,0,0,0,0,"14,000",1,"6am to 10am,10am to 1pm,",1,1,0,0,"Cafe, Home",1,1,0,0,0,Taste,"Regular milk, Hot",Taste,,Hot,Regular,Sometimes,"Small , local business","Better taste, good to supp,t local, they are near my office ",Yes,"M,e awake",No,Yes,Agree,Agree,Agree
56,29.5,Woman,Irish ,Employed Fulltime;,0,1,0,0,0,0,0,0,"31,500",2,"10am to 1pm,",0,1,0,0,Workplace ,0,0,0,1,0,Energy,"Iced, vanilla syrup ",Prefer sweeter,€4,Cold,Regular,Sometimes,Both,Better coffee ,Yes,Energised,Sometimes,Yes,Strongly agree,Agree,Agree
57,29.5,Man,Irish,Employed Fulltime;,0,1,0,0,0,0,0,0,"40,000",3,"6am to 10am,10am to 1pm,1pm to 3pm,",1,1,0,0,Workplace ,0,0,0,1,0,Lifestyle,na,na,€4,Hot,Regular,Sometimes,"Small , local business","Level of service is better overall. Staff have m,e,better training on how to prepare coffee using the equipment in the Cafe. The equipment is m,e likely to be well maintained , set,tuned to brew well. The coffee beans are usually specialty , freshly roasted by local roasters.",No,"It has no maj, effect on how I feel",No,No,Agree,Disagree,Disagree
58,21,Man,Irish,Student;,1,0,0,0,0,0,0,0,"5,000",0,,0,0,0,0,,0,0,0,0,0,,,,,,,,,,,,,,,,
59,29.5,Man,Irish,Employed Fulltime;,0,1,0,0,0,0,0,0,"70,000",4,"6am to 10am,10am to 1pm,1pm to 3pm,",1,1,0,0,"Workplace, Home",1,0,0,1,0,Taste,Tiny bit of milk,I don't like black coffee,€5,Hot,Both (depending on time of day),No,Both,I prefer it because I'm a snob,Yes,Slightly energized ,No,Yes,Strongly disagree,Disagree,"Neither agree n, disagree"
60,21,Woman,Irish,Employed Fulltime;,0,1,0,0,0,0,0,0,"40,000",0,,0,0,0,0,,0,0,0,0,0,,"N,A","N,A",,Cold,,Yes,,,,,No,No,Strongly agree,Agree,"Neither agree n, disagree"
61,21,Woman,Irish,Employed Fulltime;,0,1,0,0,0,0,0,0,"40,000",0,,0,0,0,0,Cafe,0,1,0,0,0,Lifestyle,Frappe (Carmel) ,"I don’t like the taste of coffee but I can drink it when there is loads of flavour , cream ",€6 ,Cold ,Regular,Sometimes,Large Chain,,No,No different I just like the taste ,No,No,Agree,Strongly agree,Agree
62,21,Man,Irish,Employed Fulltime;,0,1,0,0,0,0,0,0,"40,000",1,"10am to 1pm,6am to 10am,",1,1,0,0,"Home , Workplace",1,0,0,1,0,Energy,"Hot, whole milk , sometimes some syrup",Better taste,€5,Hot,Regular,Sometimes,Both,"Local chains have better coffee , better service",Yes,Removes fatigue ,No,Maybe,Strongly disagree,Strongly agree,Disagree
63,21,Woman,Irish,Student;,1,0,0,0,0,0,0,0,"5,000",1,"10am to 1pm,",0,1,0,0,Cafe,0,1,0,0,0,Taste ,"One sugar , would add milk",I prefer coffee sweeter,€4.50,Cold,Regular,Sometimes,"Small , local business","I prefer to supp,t local br,s over large c,p,ations , the coffee is usually also better",Maybe,"M,e awake ",No,No,Strongly agree,Disagree,Agree
64,21,Woman,Irish ,Student;,1,0,0,0,0,0,0,0,"5,000",2,"6am to 10am,10am to 1pm,1pm to 3pm,After 3pm,",1,1,0,1,"Home, Workplace, Cafe ",1,1,0,1,0,Energy,"Whole milk , vanilla syrup. But if it’s a lot extra f, syrup in a Cafe I just have a regular latte",A syrup ,€6,Both,Both (depending on time of day),Sometimes,Both,"Usually have better coffee , can be cheaper ",Maybe,Put together ,No,No,Strongly agree,Agree,Strongly agree
65,21,Woman,Irish ,Student;,1,0,0,0,0,0,0,0,"5,000",1,"1pm to 3pm,",0,0,0,0,Cafe ,0,1,0,0,0,Taste,,,,Cold ,Regular,No,"Small , local business",,No,,No,Yes,Agree,Agree,Agree
66,21,Woman,Irish ,Student;,1,0,0,0,0,0,0,0,"5,000",1,"10am to 1pm,",0,1,0,0,Home,1,0,0,0,0,Energy,"iced with whole milk sugar , vanilla syrup ",tastes nicer ,,Cold ,Regular,Sometimes,Both,"supp,t local",No,anxious,Yes,Yes,Strongly agree,Disagree,Agree
67,29.5,Man,Irish,Student;,1,0,0,0,0,0,0,0,"14,000",1,"10am to 1pm,6am to 10am,",1,1,0,0,Home,1,0,0,0,0,Taste,,,€4.50,Both,Regular,Yes,Both,,Maybe,Energised ,Sometimes,No,Strongly agree,Agree,Strongly agree
68,29.5,Man,Irish,Employed Fulltime;,0,1,0,0,0,0,0,0,"14,000",1,"10am to 1pm,",0,1,0,0,Workplace,0,0,0,1,0,Taste,,,€4,Both,Regular,No,Both,,Maybe,,No,Yes,Agree,"Neither agree n, disagree",Strongly agree
69,21,Man,Indian,Student;Self-Employed;,1,0,0,1,0,0,0,0,"14,000",3,"10am to 1pm,6am to 10am,1pm to 3pm,After 3pm,",1,1,0,1,Workplace ,0,0,0,1,0,Energy ,No sugar ,Helps with energy,€3.41,Hot,Regular,No,"Small , local business",,Yes,Energised ,Sometimes,Yes,"Neither agree n, disagree",Strongly disagree,Strongly agree
70,29.5,Man,Indian ,Self-Employed;,0,0,0,1,0,0,0,0,"14,000",2,"6am to 10am,1pm to 3pm,",1,0,0,0,Home,1,0,0,0,0,Energy,"Sugar , milk",I like it that way,,Hit,Regular,No,"Small , local business",Local beans,No,High value,Yes,No,Disagree,Disagree,Disagree
71,21,Woman,Irish,Student;,1,0,0,0,0,0,0,0,"5,000",1,"6am to 10am,",1,0,0,0,University,0,0,1,0,0,Energy,Vanilla late,Tastes the best,,Hot,Regular,No,Both,,Yes,Energized,Sometimes,No,Strongly agree,"Neither agree n, disagree",Strongly agree
72,29.5,Woman,Irish,Employed Fulltime;,0,1,0,0,0,0,0,0,"31,500",1,"6am to 10am,",1,0,0,0,Workplace,0,0,0,1,0,"Energy, Taste",Oat milk,Lactose intolerance ,€4,Hot,Regular,Sometimes,"Small , local business","Better coffee , experience ",No,"Hyper , energised ",No,Yes,Disagree,Disagree,Disagree
73,21,Man,Irish ,Student;,1,0,0,0,0,0,0,0,"5,000",2,"6am to 10am,10am to 1pm,1pm to 3pm,After 3pm,",1,1,0,1,Home,1,0,0,0,0,"Energy, Taste",Black with a bit of milk,,€4,Hot,Regular,No,Both,Where ever is convenient ,Yes,"Gr,",No,No,Strongly disagree,Disagree,Strongly disagree
74,29.5,Man,Indian,Employed Fulltime;,0,1,0,0,0,0,0,0,"70,000",1,"6am to 10am,",1,0,0,0,Home,1,0,0,0,0,,,,,Hot,Regular,No,Large Chain,,Yes,Good,No,No,Strongly agree,Agree,Strongly agree
75,29.5,Woman,Irish,Employed Fulltime;,0,1,0,0,0,0,0,0,"40,000",1,"6am to 10am,10am to 1pm,",1,1,0,0,Cafe,0,1,0,0,0,Energy ,Coconut milk,"Lactose sensitivity, taste preference ",€5,Cold,Regular,Sometimes,"Small , local business","Better coffee, cheaper, close by",Yes,"Energized, clear headed",Sometimes,Maybe,Agree,Agree,Strongly agree
76,21,Man,Indian ,Student;,1,0,0,0,0,0,0,0,"5,000",2,"10am to 1pm,",0,1,0,0,Home,1,0,0,0,0,Energy ,NA,NA,€4,Hot,Regular,Yes,"Small , local business",It test well ,Yes,Happy ,No,No,Strongly disagree,Strongly disagree,"Neither agree n, disagree"
77,29.5,Woman,Indian,"Looking f, W,k;Stay at Home,Care Giver;",0,0,0,0,1,1,0,0,"5,000",1,"10am to 1pm,After 3pm,",0,1,0,1,"Home , Cafe",1,1,0,0,0,Taste ,"Minimal sugar but good, creamy , strong coffee",Yeah sometimes. Flavour matters ,€3.88,Both,Regular,No,Both,"I prefer coffee wherever it tastes good, nothing to go with the br,s ",Maybe,Happy & Good ,Sometimes,No,Strongly agree,"Neither agree n, disagree",Agree
78,21,Man,Irish,Student;,1,0,0,0,0,0,0,0,"5,000",1,"1pm to 3pm,",0,0,0,0,Cafe,0,1,0,0,0,Lifestyle,,,,Hot,Regular,No,Both,,Yes,"M,e awake",No,No,Disagree,Disagree,Disagree
79,59.5,Man,Irish,Retired;,0,0,0,0,0,0,1,0,"5,000",2,"6am to 10am,10am to 1pm,",1,1,0,0,Home,1,0,0,0,0,Lifestyle,Small drop of milk,Taste,€1,Hot ,Regular,Yes,"Small , local business",Don't buy coffee. Make my own ~ bean to cup,No,"Slightly m,e alert",No,No,Strongly disagree,"Neither agree n, disagree",Disagree
80,29.5,Man,Irish ,Student;Employed Parttime;,1,0,1,0,0,0,0,0,"23,500",1,"10am to 1pm,",0,1,0,0,Home,1,0,0,0,0,Energy ,Just some milk ,I like Milk ,,Hot ,Regular,No,Both,Cause it’s nice ,Yes,Buzzed ,No,Yes,Agree,Disagree,Agree
81,29.5,Woman,Indian,"Looking f, W,k;",0,0,0,0,0,1,0,0,"5,000",1,"After 3pm,",0,0,0,1,Home,1,0,0,0,0,"Lifestyle, Caffeine ",,,€2,Both,Regular,No,Both,,No,,No,No,Disagree,"Neither agree n, disagree",Agree
82,29.5,Man,Indian,Employed Fulltime;,0,1,0,0,0,0,0,0,"40,000",2,"10am to 1pm,",0,1,0,0,Workplace,0,0,0,1,0,Energy,"No sugar, black coffee",Hate the sugary sweet taste in coffee,€0.78,Hot,Both (depending on time of day),No,"Small , local business",Reasonable pricing with taste,Yes,Better than previous mood,Sometimes,Yes,Agree,Agree,Agree
83,29.5,Woman,Indian,Employed Fulltime;,0,1,0,0,0,0,0,0,"70,000",1,"10am to 1pm,",0,1,0,0,,0,0,0,0,0,"Lifestyle, Caffeine",Strong ,,,Cold,Decaf,,"Small , local business",,No,,No,No,Agree,Agree,Agree
84,21,Man,Indian,Employed Fulltime;,0,1,0,0,0,0,0,0,"70,000",3,"6am to 10am,1pm to 3pm,After 3pm,",1,0,0,1,"Home, Workplace",1,0,0,1,0,Energy ,Milk & sugar sometimes,Better taste,,Cold,Regular,No,"Small , local business","Aff,dability ",Yes,Attentive,No,No,Strongly agree,Agree,Agree
85,65,Woman,Filipino,Retired;,0,0,0,0,0,0,1,0,"31,500",2,"6am to 10am,1pm to 3pm,",1,0,0,0,Home,1,0,0,0,0,Energy ,soy milk,to vary my usual americano,€3.68,Hot,Regular,No,Both,"their coffees taste better , to supp,t them",Yes,"alert , awake",No,No,"Neither agree n, disagree",Strongly disagree,"Neither agree n, disagree"
86,29.5,Woman,Irish,Student;Employed Fulltime;,1,1,0,0,0,0,0,0,"14,000",3,"6am to 10am,10am to 1pm,1pm to 3pm,",1,1,0,0,Workplace,0,0,0,1,0,Taste,"One sugar , milk",To make it taste nicer,€4,Both,Regular,No,"Small , local business",They’re closest to me,Yes,Awake,No,Maybe,Strongly agree,"Neither agree n, disagree",Strongly agree
87,59.5,Woman,Indian,Retired;,0,0,0,0,0,0,1,0,"70,000",4,"6am to 10am,After 3pm,",1,0,0,1,Home,1,0,0,0,0,"Taste, Lifestyle ","Either black , with milk , sugar.  Both are my choices.",Lifestyle ,,Hot,Regular,Sometimes,"Small , local business","Have been buying it from them , we know them from our parents times",No,Energised.,No,No,Disagree,Strongly disagree,"Neither agree n, disagree"
88,49.5,Man,Indian,Employed Fulltime;,0,1,0,0,0,0,0,0,"14,000",2,"6am to 10am,",1,0,0,0,"Home, Workplace",1,0,0,1,0,Lifestyle,"Hot coffee with milk , minimum sugar",Personal taste,€5.69 ,Hot,,No,Large Chain,No,No,Good,Sometimes,No,Disagree,Agree,Disagree
89,59.5,Man,Indian ,Retired;,0,0,0,0,0,0,1,0,"31,500",4,"6am to 10am,After 3pm,",1,0,0,1,Home ,1,0,0,0,0,Lifestyle,"Less sugar,milk m,e coffee, nice Hot. ",,,Hot,Regular,No,"Small , local business",Better taste ,Yes,Relaxing ,Yes,No,Disagree,Disagree,Agree
90,21,Man,Irish ,Student;,1,0,0,0,0,0,0,0,"5,000",0,"6am to 10am,",1,0,0,0,Home,1,0,0,0,0,Lifestyle,Sugar ,,,,Regular,Yes,"Small , local business",,No,,Sometimes,No,"Neither agree n, disagree",Strongly disagree,
91,39.5,Woman,Filipino,Employed Fulltime;,0,1,0,0,0,0,0,0,"14,000",3,"6am to 10am,1pm to 3pm,After 3pm,",1,0,0,1,"Home, Cafe",1,1,0,0,0,Lifestyle,Not too strong not too sweet,,€3.67,Both,Both (depending on time of day),No,Both,"I like to supp,t local businesses ",Yes,Happy,Sometimes,Yes,Agree,Agree,Agree
92,21,Woman,Irish ,Student;,1,0,0,0,0,0,0,0,"5,000",2,"10am to 1pm,",0,1,0,0,Cafe ,0,1,0,0,0,Lifestyle,Oat milk flat white ,Don’t like milk ,€4,Hot,Regular,No,"Small , local business","Prefer to supp,t local ",Yes,The same ,Sometimes,No,Strongly agree,"Neither agree n, disagree",Strongly agree
93,49.5,Woman,Filipino,Self-Employed;,0,0,0,1,0,0,0,0,"80,000",3,"6am to 10am,10am to 1pm,1pm to 3pm,",1,1,0,0,Cafe,0,1,0,0,0,Energy ,"St,ard Cappuccino - double ristretto sHot, full cream milk steamed at 65deg to cappuccino foam",Because I like that way,,Hot,Both (depending on time of day),No,"Small , local business","If they are a specialty coffee shop then yes, because the coffee has m,e quality from the beans to the milk , coffee making process.",Yes,"Very good , relaxed",No,Yes,Agree,Agree,Strongly agree
94,21,Woman,Irish ,Student;Employed Parttime;,1,0,1,0,0,0,0,0,"5,000",1,"10am to 1pm,",0,1,0,0,Cafe ,0,1,0,0,0,Energy ,Oat milk ,Don’t like milk ,,Hot ,Regular,No,"Small , local business",Nicer in small business ,Maybe,Energised ,No,Yes,Strongly agree,Disagree,Strongly agree
95,21,Woman,Irish,Student;Employed Parttime;,1,0,1,0,0,0,0,0,"23,500",2,"10am to 1pm,",0,1,0,0,Home,1,0,0,0,0,Energy,"Low fat milk, Hot , vanilla syrup",To make the flavour better,€4,Cold,Both (depending on time of day),No,"Small , local business","Coffee tastes nicer , is often less expensive ",Yes,"M,e energised , awake",No,Yes,Strongly agree,Strongly disagree,Strongly agree
96,21,Woman,Polish,Student;,1,0,0,0,0,0,0,0,"14,000",2,"10am to 1pm,After 3pm,",0,1,0,1,Cafe,0,1,0,0,0,Energy ,"Sugar , cows milk ","F, better taste",€4.50,Hot,Regular,Sometimes,"Small , local business","Tends to be nicer in flav, , atmosphere ",Yes,Motivated ,No,Maybe,Strongly agree,"Neither agree n, disagree",Agree
97,29.5,Woman,Filipino,Employed Fulltime;,0,1,0,0,0,0,0,0,"14,000",1,"10am to 1pm,",0,1,0,0,"Cafe, Home",1,1,0,0,0,Energy ,"Cold brew with sweet cream , iced coffee with stevia","Taste preference , less acidity (Cold brew)",€3.69,Cold,Regular,Sometimes,Both,Convenience,Yes,"M,e alert , productive ",Yes,Maybe,"Neither agree n, disagree","Neither agree n, disagree",Disagree
98,21,Woman,Vietnameseese,Employed Fulltime;,0,1,0,0,0,0,0,0,"5,000",5,"1pm to 3pm,",0,0,0,0,Workplace,0,0,0,1,0,Energy ,Sugar,I cant drink black coffee,€2,Cold,Decaf,No,Large Chain,,Yes,Feel sleep depriviation ,Yes,Yes,Agree,Agree,Agree
99,29.5,Woman,Indian,Student;,1,0,0,0,0,0,0,0,"5,000",1,"10am to 1pm,",0,1,0,0,Home ,1,0,0,0,0,"Lifestyle, Caffeine",With sugar ,Nil,,Hot,Regular,No,Large Chain,,Yes,Happy ,No,No,Agree,Agree,Agree
100,39.5,Man,Irish,Employed Fulltime;,0,1,0,0,0,0,0,0,"70,000",2,"6am to 10am,1pm to 3pm,",1,0,0,0,"Home, Workplace ",1,0,0,1,0,"Lifestyle, Caffeine",No personalisation but sometimes like some Coconut milk,"Adding Coconut milk adds flavour , negates the lack of sugar ",,Hot,Regular,Yes,Both,No real reason ,Yes,"Slightly m,e alert ",Yes,Maybe,"Neither agree n, disagree","Neither agree n, disagree","Neither agree n, disagree"
101,29.5,Man,Nigerian,Employed Fulltime;,0,1,0,0,0,0,0,0,"23,500",2,"6am to 10am,After 3pm,",1,0,0,1,Workplace,0,0,0,1,0,Lifestyle,Lots of sugar, It gives me happiness ,,Hot,Regular,Yes,Large Chain,,Yes,Active,No,Yes,Agree,"Neither agree n, disagree",Strongly disagree
102,65,Man,,Retired;,0,0,0,0,0,0,1,0,"14,000",2,"6am to 10am,After 3pm,",1,0,0,1,Home,1,0,0,0,0,"Taste, Energy",,,€4,Hot,Regular,Sometimes,Both,,Maybe,Energised ,No,No,"Neither agree n, disagree","Neither agree n, disagree",Disagree
103,21,Woman,Nigerian,Student;,1,0,0,0,0,0,0,0,"5,000",3,"10am to 1pm,",0,1,0,0,Home,1,0,0,0,0,Taste ,Using caramel syrup ,I just like the taste of both of them.,,Cold,Both (depending on time of day),No,Both,,No,"Nothing, I just like the taste ",No,No,Strongly agree,"Neither agree n, disagree",Strongly disagree
104,21,Woman,Irish ,Student;Employed Parttime;,1,0,1,0,0,0,0,0,"31,500",1,"6am to 10am,",1,0,0,0,Cafe,0,1,0,0,0,Energy ,"Sugar , milk ",To improve the taste. ,,Hot,Regular,No,"Small , local business","I prefer the taste of local businesses as they usually put m,e eff,t , care into their coffees. ",Yes,Less tired ,No,No,"Neither agree n, disagree",Disagree,Agree
105,29.5,Man,Malawian,"Employed Parttime;Looking f, W,k;",0,0,1,0,0,1,0,0,"14,000",1,"6am to 10am,",1,0,0,0,Cafe,0,1,0,0,0,Energy,"2 brown sugars, milk, medium roasted, Hot ",It taste better that way,€5,Both ,Regular,No,"Small , local business",Better taste ,Yes,Energetic ,Sometimes,No,Agree,Agree,Strongly agree
106,39.5,Man,Irish,Employed Fulltime;,0,1,0,0,0,0,0,0,"80,000",3,"6am to 10am,10am to 1pm,",1,1,0,0,Home,1,0,0,0,0,"Taste, Energy","Milk , 1 sugar","Milk , 1 sugar",,Hot ,Both (depending on time of day),Yes,"Small , local business",Better coffee. ,Yes,"Comf,ting",No,Maybe,Agree,Agree,Disagree
107,21,Woman,Irish,Student;Employed Parttime;,1,0,1,0,0,0,0,0,"14,000",4,"6am to 10am,1pm to 3pm,",1,0,0,0,"Workplace , Other",0,0,0,1,1,Energy,"Oat latte with 2 pumps of vanilla , a pump of hazelnut syrup ",I like a specific taste ,,Hot,Regular,No,"Small , local business","Its better, cheaper, lines are smaller , they’re nicer",Yes,"Warm , awake",Yes,Yes,Disagree,Disagree,Disagree
108,29.5,Woman,Nigerian,Employed Fulltime;,0,1,0,0,0,0,0,0,"40,000",,"10am to 1pm,",0,1,0,0,"Home , Workplace ",1,0,0,1,0,Energy ,Temperature,,,Hot,Both (depending on time of day),Sometimes,Both,.,Maybe,Good ,Sometimes,No,Disagree,"Neither agree n, disagree","Neither agree n, disagree"
109,39.5,Man,Irish,Employed Parttime;Employed Fulltime;,0,1,1,0,0,0,0,0,"70,000",4,"6am to 10am,10am to 1pm,1pm to 3pm,",1,1,0,0,Workplace,0,0,0,1,0,Energy ,"Milk no sugar. Warm , strong coffee flavour",I like it,,Hot,Regular,No,"Small , local business",Better taste,Maybe,Good,Sometimes,No,Disagree,"Neither agree n, disagree",Disagree
110,29.5,Man,Mexican,Employed Fulltime;,0,1,0,0,0,0,0,0,"40,000",2,"6am to 10am,",1,0,0,0,Workplace ,0,0,0,1,0,Energy ,"I usually use oat milk to sweeten it, I rather drinking it Hotter than Hot","I still don’t get use to coffee’s bitter flav,",€10,Hot ,Decaf,Yes,"Small , local business",I do think of helping small businesses rather than large companies,No,"It makes me feel m,e awake ",No,No,Disagree,Disagree,Agree
111,39.5,Woman,Filipino,Self-Employed;,0,0,0,1,0,0,0,0,"70,000",2,"6am to 10am,1pm to 3pm,",1,0,0,0,"Home, Cafe",1,1,0,0,0,Energy,Just black,,,Hot,Regular,Sometimes,Both,"To supp,t them",Yes,"M,e ready f, W,k",No,No,Disagree,Disagree,Disagree
112,29.5,Man,French,Employed Fulltime;,0,1,0,0,0,0,0,0,"40,000",5,"6am to 10am,1pm to 3pm,",1,0,0,0,"Home, Workplace",1,0,0,1,0,Taste ,,,€5,Hot,Regular,No,Both,,Yes,Awake,No,Maybe,Agree,Disagree,"Neither agree n, disagree"
113,39.5,Woman,Filipino,Employed Fulltime;,0,1,0,0,0,0,0,0,"5,000",3,"6am to 10am,",1,0,0,0,Home,1,0,0,0,0,Taste ,Black coffee most of the time. Sometimes with milk,It suits my taste,,Hot,Regular,Yes,"Small , local business",They also buy fron small farmers,Yes,Energized,No,No,Agree,Agree,Agree
114,49.5,Woman,Filipino,Employed Fulltime;,0,1,0,0,0,0,0,0,"14,000",2,"After 3pm,",0,0,0,1,Home,1,0,0,0,0,Energy ,"Oats milk , soya milk",Non dairy alternative,,Both,Regular,No,Both,To try something new,Yes,Awake,Sometimes,No,Agree,Agree,Agree
115,29.5,Woman,British,Employed Fulltime;,0,1,0,0,0,0,0,0,"23,500",2,"10am to 1pm,1pm to 3pm,6am to 10am,After 3pm,",1,1,0,1,Cafe,0,1,0,0,0,Energy,"almond milk , soy milk, 1 sugar , a syrup depending on the coffee",i like caramel flavouring but generally i get a flat white. i get milk substitutes because i can’t have much dairy. ,€5.69 ,Both ,Regular,Sometimes,Both,"whatever is convenient, but i’d prefer going to a small coffee shop , trying something new if one is available ",Maybe,energised ,Sometimes,Maybe,Agree,Disagree,Strongly agree
116,29.5,Woman,Irish,"Stay at Home,Care Giver;",0,0,0,0,1,0,0,0,"5,000",1,"After 3pm,",0,0,0,1,Cafe,0,1,0,0,0,Lifestyle,"Latte , iced coffee, milk, two sugars , if possible vanilla syrup","Some Cafe don't use great coffee beans, sweetening it makes the difference. ",€5.69,Cold,Regular,Sometimes,"Small , local business","They use better coffee beans, quieter environment & treat their staff better",No,"Oddly calm , sleepy at times. ",No,No,Agree,Disagree,Agree
117,21,Woman,British ,Employed Fulltime;,0,1,0,0,0,0,0,0,"31,500",1,"1pm to 3pm,",0,0,0,0,Cafe,0,1,0,0,0,Taste ,,,€4.55 ,Cold,Regular,Sometimes,Both,"I prefer to supp,t local businesses ",Maybe,enjoy drinking it but sometimes makes me anxious,No,Yes,Agree,Agree,Strongly agree
118,39.5,Woman,Filipino,Employed Fulltime;,0,1,0,0,0,0,0,0,"31,500",0.5,"1pm to 3pm,",0,0,0,0,"Cafe, Home",1,1,0,0,0,Lifestyle,"If possible sugar , milk alternative ","F, healthier option",,Hot,Regular,No,Both,Depends whichever is available ,Maybe,"Energized, awake",Yes,Yes,Strongly agree,Disagree,Strongly agree
119,59.5,Man,Irish,Employed Fulltime;,0,1,0,0,0,0,0,0,"70,000",1,"10am to 1pm,",0,1,0,0,Home,1,0,0,0,0,Lifestyle,"Milk, 1 sugar, Hot",I don't ,€4,Hot,Regular,No,"Small , local business","Supp,t local enterprise , employment",No,"No difference,  slight pick up",No,No,Disagree,Agree,Disagree
120,49.5,Woman,Irish ,Employed Fulltime;,0,1,0,0,0,0,0,0,"80,000",2,"6am to 10am,10am to 1pm,",1,1,0,0,Cafe,0,1,0,0,0,"Taste, Energy",Milk,Like milk,€4,Hot,Regular,No,Both,Convenience ,No,Awake sociable ,No,No,Agree,"Neither agree n, disagree",Disagree
121,21,Woman,Irish,Employed Fulltime;,0,1,0,0,0,0,0,0,"14,000",3,"6am to 10am,10am to 1pm,1pm to 3pm,",1,1,0,0,Workplace ,0,0,0,1,0,Energy ,Oat milk ,,€4,Hot ,Regular,Sometimes,Both,,Yes,Energised ,No,Yes,Strongly agree,Agree,Agree
122,21,Woman,Irish,Student;,1,0,0,0,0,0,0,0,"5,000",1,"10am to 1pm,",0,1,0,0,Cafe,0,1,0,0,0,"Lifestyle, Caffeine","Americano usually with 1 brown sugar, Iced with low fat milk & syrup",I need some sweetness in my coffee,,Both ,Regular,No,"Small , local business","They have unusual aesthetics, it’s a different one every day, gives a surprise element to what I am about to ,der",Yes,Content,No,Maybe,Agree,"Neither agree n, disagree",Agree
123,29.5,Woman,Irish,Employed Fulltime;,0,1,0,0,0,0,0,0,"31,500",2,"6am to 10am,10am to 1pm,",1,1,0,0,"Home , Workplace",1,0,0,1,0,Lifestyle,Cappuccino with oat milk & 2 brown sugars <3,Sometimes an americano is too strong,,Both ,Regular,No,Both,,Maybe,Like a boss,No,No,Strongly agree,"Neither agree n, disagree",Strongly agree
124,59.5,Woman,Irish,Employed Fulltime;,0,1,0,0,0,0,0,0,"70,000",2,"10am to 1pm,",0,1,0,0,"Workplace, Cafe",0,1,0,1,0,Taste ,Decaf with a dash of milk,"F, a better taste",,Hot,Decaf,Yes,"Small , local business","To supp,t local enterprise , the coffee is usually of a higher quality",No,Refreshed,No,No,Strongly disagree,"Neither agree n, disagree",Strongly disagree
125,59.5,Woman,Itish,Employed Fulltime;,0,1,0,0,0,0,0,0,"70,000",2,"6am to 10am,10am to 1pm,",1,1,0,0,Home,1,0,0,0,0,Taste ,Hot  milk no sugar,It's how I like it,€3,Hot,Regular,No,Both,No reason ,No,Content ,No,No,Strongly disagree,"Neither agree n, disagree",Strongly disagree
126,49.5,,Irish,Employed Fulltime;,0,1,0,0,0,0,0,0,"14,000",1,"6am to 10am,",1,0,0,0,Workplace,0,0,0,1,0,Taste,Extra Hot 1 sugar ,Because it’s how I like it ,,Hot,Regular,Yes,Both,,No,Happy,No,No,Strongly agree,Strongly disagree,Strongly agree
127,21,Woman,Lithuanian,Student;Employed Parttime;,1,0,1,0,0,0,0,0,"14,000",1,"10am to 1pm,",0,1,0,0,Cafe,0,1,0,0,0,Taste ,"Syrus , chocolate , Milk",Sweeter ,4€,Hot,Regular,Sometimes,"Small , local business","Supp,t them ",Maybe,Warmer ,No,No,Agree,Disagree,Agree
128,39.5,Woman,Irish,Student;Self-Employed;,1,0,0,1,0,0,0,0,"40,000",1,"10am to 1pm,",0,1,0,0,Home ,1,0,0,0,0,Taste ,"Extra Hot, slim milk, 0.75 teaspoon sugar","Coffee with foamed milk in shops is usually lukewarm so get it extra Hot, prefer coffee strong so get it sh,t ",,Hot ,Both (depending on time of day),Sometimes,"Small , local business",I'm boycotting starbucks but generally the coffee in smaller coffee-first business better. ,Maybe,Often gives me anxiety,Yes,No,Agree,Agree,Agree
129,29.5,Woman,Canadian,Employed Fulltime;,0,1,0,0,0,0,0,0,"40,000",2,"10am to 1pm,1pm to 3pm,",0,1,0,0,Workplace,0,0,0,1,0,Taste,"Pump of vanilla, iced, usually no milk","Like it sweet, milk sometimes gives me the ick ",,Cold,Regular,No,Both,"Prefer to supp,t but often don't know what to expect so sometimes Costa",Yes,Awake ,Sometimes,Maybe,Strongly agree,Agree,Disagree
130,65,Woman,Irish,Retired;,0,0,0,0,0,0,1,0,"14,000",1,"After 3pm,",0,0,0,1,Cafe,0,1,0,0,0,Lifestyle,,,€4,Hot,Decaf,No,"Small , local business",Only thing where I live,No,Jittery,Sometimes,No,Strongly disagree,Strongly agree,Strongly disagree
131,65,Man,Irish,Retired;,0,0,0,0,0,0,1,0,"5,000",2,"10am to 1pm,After 3pm,",0,1,0,1,Home,1,0,0,0,0,"Taste , Energy","Like it very tall , extremely Hot","In shops the coffee is too small , medium temp, like it to last 10ish minutes at least ",€0,Hot,Regular,No,"Small , local business",,Yes,Awake ,Yes,Maybe,Strongly disagree,Strongly disagree,Strongly disagree
132,39.5,Woman,Australian,Employed Fulltime;,0,1,0,0,0,0,0,0,"80,000",2,"6am to 10am,10am to 1pm,",1,1,0,0,"Cafe, Workplace",0,1,0,1,0,Energy ,Extra Hot,Coffee not to my preffered temperature usually ,€6,Hot,Regular,Yes,"Small , local business","Coffee extremely good in Melbourne, chains considered to be of po, quality ",Yes,"The ritual sets me up to start W,king, , I finish one thing get a coffee , start another",Sometimes,Yes,"Neither agree n, disagree",Disagree,"Neither agree n, disagree"
133,29.5,Woman,Irish,"Looking f, W,k;Stay at Home,Care Giver;",0,0,0,0,1,1,0,0,"5,000",3,"6am to 10am,10am to 1pm,1pm to 3pm,",1,1,0,0,"Home, Cafe ",1,1,0,0,0,Energy,,,€5,Hot,Regular,Sometimes,"Small , local business","They know me, come in most days with my kid, happy to chat , know people in the area ",Yes,"Awake, also comf,ting as it's very much a treat during the day ",Yes,Yes,Strongly disagree,Disagree,"Neither agree n, disagree"
134,39.5,Woman,Irish,Self-Employed;,0,0,0,1,0,0,0,0,"14,000",2,"6am to 10am,1pm to 3pm,",1,0,0,0,Home,1,0,0,0,0,Taste,"lots of ice, one pump caramel, not too much milk","Like a strong sweet , extra Cold drink",€6 ,Cold,Regular,No,"Small , local business",No chains in the area I live,Yes,It tends to be a ritual I do between tasks so generally I feel good at that time. It doesn't make me feel much though physically,Sometimes,No,"Neither agree n, disagree",Strongly agree,Agree
135,49.5,Prefer not to say,English,Employed Fulltime;,0,1,0,0,0,0,0,0,"14,000",1,"1pm to 3pm,",0,0,0,0,"Workplace , Cafe ",0,1,0,1,0,Taste ,,,€5.69 ,Hot,Decaf,Yes,Both,"Good variety , taste in area of London I live, chains usually the same ",No,"Take decaf so doesn't have much of an affect, makes my breath smell though , that makes me paranoid ",No,No,Agree,Agree,Agree
136,21,Man,Irish,Employed Fulltime;,0,1,0,0,0,0,0,0,"14,000",1,"1pm to 3pm,",0,0,0,0,"Workplace , Cafe ",0,1,0,1,0,Energy,"Oat milk, vanilla syrup mixture between iced , Hot",Tastes nicer,€5,,Both (depending on time of day),No,Both,I don’t discriminate good coffee is good coffee regardless ,Maybe,Just nice to have warm drink sometimes,Sometimes,Maybe,Agree,Disagree,"Neither agree n, disagree"
137,49.5,Woman,Filipino,Employed Fulltime;,0,1,0,0,0,0,0,0,"14,000",2,"6am to 10am,1pm to 3pm,",1,0,0,0,Home,1,0,0,0,0,Taste ,NA,NA,,Hot,Regular,No,Both,I like the taste,Yes,"Awake , energized",Sometimes,Yes,Agree,"Neither agree n, disagree",Agree
138,21,Woman,Irish,Employed Fulltime;,0,1,0,0,0,0,0,0,"40,000",1,"10am to 1pm,",0,1,0,0,Cafe,0,1,0,0,0,Lifestyle,I add sugar ,To make it nicer ,€5,Hot,Regular,No,"Small , local business","Better to supp,t local , also nicer coffee ",Maybe,Energised ,No,No,Strongly agree,Disagree,Strongly agree
139,59.5,Woman,English,Employed Parttime;,0,0,1,0,0,0,0,0,"31,500",1,"After 3pm,",0,0,0,1,Workplace ,0,0,0,1,0,Lifestyle,Add milk,Just like it,,Hot,Regular,No,Large Chain,,Maybe,Good,No,No,"Neither agree n, disagree",Agree,Strongly agree
140,59.5,Woman,Irish ,Employed Fulltime;,0,1,0,0,0,0,0,0,"14,000",2,"10am to 1pm,1pm to 3pm,",0,1,0,0,"Cafe , Workplace ",0,1,0,1,0,Taste ,Extra Hot with low fat milk,It has to be Hot,€4,Hot,Regular,No,Both,Convenience ,No,Relaxed,No,No,Strongly disagree,Strongly disagree,Strongly disagree
141,29.5,Woman,Indian,Student;,1,0,0,0,0,0,0,0,"5,000",1,"6am to 10am,",1,0,0,0,Home,1,0,0,0,0,Energy ,no,no,€3,Hot,Regular,No,Large Chain,,Yes,good,Sometimes,Maybe,Strongly disagree,Strongly disagree,Strongly disagree
142,29.5,Man,Indian,Student;,1,0,0,0,0,0,0,0,"5,000",2,"6am to 10am,",1,0,0,0,Cafe,0,1,0,0,0,Energy ,Very Hot,I like it that way,€3,Hot,Regular,Sometimes,"Small , local business",Quality,Yes,Energitic,No,No,"Neither agree n, disagree","Neither agree n, disagree",Agree
143,29.5,Man,Indian,Employed Fulltime;,0,1,0,0,0,0,0,0,"70,000",3,"6am to 10am,10am to 1pm,",1,1,0,0,Workplace,0,0,0,1,0,Lifestyle,No,No,,Hot,Regular,No,Large Chain,Convenience,Yes,Awake,No,No,Agree,Agree,"Neither agree n, disagree"
144,21,Woman,Turkish ,Student;,1,0,0,0,0,0,0,0,"5,000",4,"10am to 1pm,1pm to 3pm,After 3pm,",0,1,0,1,Home,1,0,0,0,0,Taste ,Just black coffee. Nothing personalized ,,€10,Hot,Regular,No,Both,,Yes,Happy,No,Yes,Agree,Strongly agree,Strongly agree
145,29.5,Woman,Indian,Employed Fulltime;,0,1,0,0,0,0,0,0,"14,000",2,"6am to 10am,",1,0,0,0,Home,1,0,0,0,0,Lifestyle,Iced Coffee with Lactose free milk,I love it my way,€2,Cold,Regular,Yes,Large Chain,,Yes,Energised ,No,Maybe,Agree,Strongly agree,Strongly agree
146,21,Woman,Irish,Student;,1,0,0,0,0,0,0,0,"5,000",0,,0,0,0,0,Cafe,0,1,0,0,0,Energy ,"sugary as possible, oat milk , caramel syrup","because regular coffee is trash, so have to",€4,Cold,Regular,No,Both,"it’s cute , why not",Yes,gives me diarrhoea ,No,Yes,Strongly agree,Strongly agree,Agree
147,29.5,Man,Indian,Employed Fulltime;,0,1,0,0,0,0,0,0,"14,000",2,"6am to 10am,",1,0,0,0,Workplace ,0,0,0,1,0,Energy ,"Sugar, full fat milk",No,,Cold,Regular,Yes,Both,,Yes,Energized ,Sometimes,No,"Neither agree n, disagree","Neither agree n, disagree",Disagree
148,29.5,Woman,Indian,Employed Fulltime;,0,1,0,0,0,0,0,0,"40,000",2,"6am to 10am,1pm to 3pm,",1,0,0,0,Home,1,0,0,0,0,Energy ,Sugar; medium Hot,,€4,Hot,Regular,No,Both,,Yes,Active,Yes,Maybe,Disagree,Disagree,Disagree
149,49.5,Man,Irish,Employed Fulltime;,0,1,0,0,0,0,0,0,"80,000",2,"10am to 1pm,",0,1,0,0,Cafe,0,1,0,0,0,Lifestyle,Milk,Just do,,Hot,Regular,Yes,"Small , local business","Friendly,  know what I like",No,No difference ,No,No,Strongly disagree,Strongly disagree,Strongly disagree
150,49.5,Woman,Irish,Employed Fulltime;,0,1,0,0,0,0,0,0,"70,000",0,,0,0,0,0,,0,0,0,0,0,,,,,,,,,,,,,Yes,Strongly disagree,Agree,Strongly disagree
151,29.5,Woman,Mexican,Student;,1,0,0,0,0,0,0,0,"5,000",1,"10am to 1pm,",0,1,0,0,Home,1,0,0,0,0,Taste,Sweetner,"  F, the taste",€4,Hot,Both (depending on time of day),Yes,"Small , local business",Their coffee taste better ,No,Anxious but i love it ,No,Yes,Agree,Strongly disagree,Disagree
152,59.5,Woman,Irish,Employed Fulltime;,0,1,0,0,0,0,0,0,"70,000",3,"6am to 10am,1pm to 3pm,",1,0,0,0,"Workplace, Home",1,0,0,1,0,Lifestyle,Milk,Better taste,,Hot,Both (depending on time of day),Sometimes,"Small , local business",Taste good,Maybe,Good,Sometimes,No,Disagree,Agree,Disagree
153,59.5,Woman,Irish ,Employed Fulltime;,0,1,0,0,0,0,0,0,"40,000",3,"6am to 10am,10am to 1pm,",1,1,0,0,"Home , Cafe",1,1,0,0,0,Lifestyle,Milk,I like milk in it,€4,Hot,Regular,Yes,"Small , local business","Local supp,t the business ",Yes,Give me a lift,No,No,"Neither agree n, disagree",Disagree,Disagree
154,29.5,Man,Indian ,"Looking f, W,k;Employed Parttime;",0,0,1,0,0,1,0,0,"31,500",1,"1pm to 3pm,",0,0,0,0,Workplace ,0,0,0,1,0,Energy ,Sugar,Because I like my coffee sweet?,,Both ,Regular,No,Both,"Whatever’s m,e accessible I buy it from there",Maybe,Just makes me feel awake ,No,No,Agree,Agree,Strongly agree
155,21,Woman,Irish ,"Student;Stay at Home,Care Giver;",1,0,0,0,1,0,0,0,"23,500",3,"6am to 10am,",1,0,0,0,Cafe,0,1,0,0,0,Taste ,"Sugar , Milk ",Personalised to my taste ,€4,Hot ,Regular,Sometimes,Both,"Usually nicer coffee, I feel as though they pay attention to detail ",Yes,Hyper ,Sometimes,No,Agree,Disagree,Agree
156,59.5,Woman,Irish,Employed Fulltime;,0,1,0,0,0,0,0,0,"14,000",8,"6am to 10am,10am to 1pm,1pm to 3pm,After 3pm,",1,1,0,1,Home,1,0,0,0,0,Lifestyle,Milk,Taste better ,,Hot,Regular,Sometimes,Both,Convienence ,No,Energetic ,Yes,No,Disagree,Agree,Disagree
157,29.5,Man,,Employed Fulltime;,0,1,0,0,0,0,0,0,"14,000",,"6am to 10am,",1,0,0,0,"Cafe,Cafe ",0,1,0,0,0,Taste,Milk Alt ,Taste ,,Cold,Regular,No,Both,Usually nicer coffee ,No,Awesome ,No,No,"Neither agree n, disagree","Neither agree n, disagree","Neither agree n, disagree"
158,29.5,Woman,Irish ,Employed Fulltime;,0,1,0,0,0,0,0,0,"31,500",2,"6am to 10am,",1,0,0,0,"Home , Cafe ",1,1,0,0,0,Energy ,Milk,- ,€4.50,Hot,Regular,No,"Small , local business","Prefer to supp,t small businesses , their coffee is always better ",Yes,Energised ,No,Yes,Disagree,Disagree,Disagree
159,21,Man,Vietnamese,Employed Fulltime;,0,1,0,0,0,0,0,0,"14,000",1,"6am to 10am,",1,0,0,0,Workplace,0,0,0,1,0,Lifestyle,Americano,"Strong fav,",€1,Cold,Regular,No,"Small , local business",Cheaper,Yes,Excited,Yes,Yes,Disagree,"Neither agree n, disagree",Strongly agree
160,21,Woman,Vietnamese,Employed Fulltime;,0,1,0,0,0,0,0,0,"14,000",1,"1pm to 3pm,",0,0,0,0,Workplace,0,0,0,1,0,Energy,"Sweetner, Cold foam  ","m,e sweet",,Cold,Both (depending on time of day),Yes,Large Chain,,Yes,have energy,Sometimes,Yes,Strongly agree,Strongly agree,Agree
161,21,Woman,Vietnameseese ,Employed Fulltime;,0,1,0,0,0,0,0,0,"5,000",1,"1pm to 3pm,",0,0,0,0,"Cafe , Workplace",0,1,0,1,0,Energy ,"Sugar, Milk alt ","just my fav,ite",,Cold,Both (depending on time of day),Sometimes,Both,"just r,om",Maybe,"m,e productive",No,Maybe,Strongly agree,"Neither agree n, disagree",Strongly agree
162,21,Man,Vietnamese,Employed Parttime;,0,0,1,0,0,0,0,0,"14,000",2,"1pm to 3pm,",0,0,0,0,Workplace,0,0,0,1,0,Energy,,,,Cold,Both (depending on time of day),Sometimes,Both,idk just give it a try,Maybe,focus,Yes,No,"Neither agree n, disagree",Agree,Strongly agree
163,21,Man,Vietnamese,Employed Fulltime;,0,1,0,0,0,0,0,0,"14,000",1,"6am to 10am,",1,0,0,0,Workplace,0,0,0,1,0,Energy ,Milk,I need to be alert but don't want the coffee too strong,€4.50,Cold,Regular,Yes,"Small , local business","I like small shops because of its aff,dable price",No,awake,Yes,Yes,Agree,Agree,Disagree
164,21,Man,Spanish ,Student;,1,0,0,0,0,0,0,0,"5,000",0,,0,0,0,0,,0,0,0,0,0,,,,,,,,,,,,,,,,
165,21,Man,Spanish ,Student;,1,0,0,0,0,0,0,0,"5,000",1,"6am to 10am,",1,0,0,0,Home ,1,0,0,0,0,Energy ,Americano,,€0.50,Hot ,Regular,Yes,Large Chain,,Yes,"M,e awake ",No,No,Strongly disagree,Strongly agree,Strongly disagree
166,21,Man,Spanish,Student;,1,0,0,0,0,0,0,0,"5,000",2,"6am to 10am,After 3pm,",1,0,0,1,"Home , Other",1,0,0,0,1,Energy,"Hot , Sugar",Becase i like sweet coffee,€2,Hot,Regular,No,Both,,Yes,Sometimes nervous,No,Maybe,Strongly agree,Agree,Agree
167,21,Man,Spanish ,Student;,1,0,0,0,0,0,0,0,"5,000",2,"6am to 10am,10am to 1pm,",1,1,0,0,Home ,1,0,0,0,0,Energy,"Milk,",I prefer y he coffe without sugar ,€2,Cold,Regular,Yes,Both,,Yes,"Only f, tuve energy",Sometimes,Yes,Agree,Agree,Disagree
168,21,Man,,Student;,1,0,0,0,0,0,0,0,"5,000",3,"1pm to 3pm,6am to 10am,",1,0,0,0,"Home , Other",1,0,0,0,1,Energy,"Milk , Cold",,,Cold,Regular,No,Both,Different treat ,Yes,Energetic ,No,No,Strongly agree,"Neither agree n, disagree","Neither agree n, disagree"
169,21,Man,Spanish ,Student;,1,0,0,0,0,0,0,0,"5,000",2,"6am to 10am,",1,0,0,0,Home,1,0,0,0,0,Energy,"Milk , Sugar",Because its better,,Hot ,Regular,No,Large Chain,,Yes,,No,No,Agree,Agree,"Neither agree n, disagree"
170,29.5,Woman,Malaysian ,Employed Fulltime;,0,1,0,0,0,0,0,0,"70,000",2,"10am to 1pm,",0,1,0,0,Cafe,0,1,0,0,0,Lifestyle,,To prevent diabetes ,,Hot,Regular,Yes,"Small , local business",taste better,Maybe,Refresh,No,Yes,Agree,Agree,Strongly agree
171,59.5,Man,Malaysian,Retired;,0,0,0,0,0,0,1,0,"5,000",2,"6am to 10am,After 3pm,",1,0,0,1,Home,1,0,0,0,0,Lifestyle,"Hot, Americano",Lifestyle ,€0.63,Hot,Regular,Yes,Both,Cheaper ,Yes,Fresh,Yes,No,"Neither agree n, disagree",Agree,Agree
172,49.5,Woman,Malausian,Employed Parttime;,0,0,1,0,0,0,0,0,"14,000",1,"6am to 10am,",1,0,0,0,Home,1,0,0,0,0,Taste ,"Hot, Americano",,,Hot,Both (depending on time of day),Sometimes,Both,"Supp,t local",No,Enjoyment,Sometimes,No,Agree,Disagree,Agree
173,39.5,Woman,Malausian,Employed Fulltime;,0,1,0,0,0,0,0,0,"23,500",1,"10am to 1pm,",0,1,0,0,Workplace,0,0,0,1,0,Taste,"Milk Alt, Very Hot. ",i feel happier drinking my desired ratio,,Hot,Both (depending on time of day),No,Both,convenient ,No,"refresh , warm",Yes,No,Agree,Agree,Strongly agree
174,59.5,Woman,Malaysian,"Stay at Home,Care Giver;",0,0,0,0,1,0,0,0,"5,000",3,"6am to 10am,1pm to 3pm,After 3pm,",1,0,0,1,Home,1,0,0,0,0,Lifestyle,"Hot, Black",Lifestyle,€0.63,Hot,Both (depending on time of day),No,Both,Cheaper,Yes,Awake,No,No,"Neither agree n, disagree","Neither agree n, disagree","Neither agree n, disagree"
175,49.5,Man,Malaysian,Employed Fulltime;,0,1,0,0,0,0,0,0,"31,500",2,"6am to 10am,1pm to 3pm,",1,0,0,0,"Home , Workplace",1,0,0,1,0,Energy ,"Americano, Hot",",iginal taste , health ",€3,Hot,Regular,Yes,Both,"Sustainability , also to help out local businesses",Maybe,Refresh,No,No,Disagree,Disagree,Disagree
176,21,Man,Vietnamese,Student;,1,0,0,0,0,0,0,0,"5,000",1,"10am to 1pm,6am to 10am,",1,1,0,0,"Cafe , Home ",1,1,0,0,0,Energy ,Milk ,,,Hot ,Regular,No,Both,,Yes,energy ,No,Yes,Agree,"Neither agree n, disagree",Agree
177,21,Woman,Vietnamese,"Stay at Home,Care Giver;",0,0,0,0,1,0,0,0,"5,000",0,"6am to 10am,",1,0,0,0,Home,1,0,0,0,0,Energy,"Hot, Cappucino","It's easier f, me to drink",,Hot,Decaf,Yes,"Small , local business","It's m,e convenient.",Maybe,"I'm fine with , without coffee.",Yes,Maybe,Disagree,Agree,"Neither agree n, disagree"
178,21,Man,Malaysian,Employed Fulltime;,0,1,0,0,0,0,0,0,"23,500",2,"10am to 1pm,1pm to 3pm,",0,1,0,0,Workplace,0,0,0,1,0,Energy ,"Full Cream, Ice",,,Cold,Regular,No,"Small , local business","M,e aff,dable, same taste",Yes,High,No,No,Agree,Agree,Strongly disagree
179,29.5,Man,Vietnamese,Student;,1,0,0,0,0,0,0,0,"14,000",1,"6am to 10am,",1,0,0,0,Home,1,0,0,0,0,Taste,Condensed Milk,I like the taste of coffee I'm familiar with in Vietnam.,,Cold,Both (depending on time of day),Sometimes,Both,I like the taste,Yes,Productive,Sometimes,Maybe,Agree,"Neither agree n, disagree",Disagree
180,29.5,Man,Malaysian,Self-Employed;,0,0,0,1,0,0,0,0,"80,000",2,"6am to 10am,",1,0,0,0,Home,1,0,0,0,0,Lifestyle,"Milk, Cold",Prefer to have it ,€3.41,Cold,Regular,No,"Small , local business",Cheaper,Yes,Feel right,Sometimes,No,Strongly agree,Agree,Agree
181,59.5,Man,Malaysian ,Employed Fulltime;,0,1,0,0,0,0,0,0,"14,000",1,"6am to 10am,1pm to 3pm,",1,0,0,0,Cafe,0,1,0,0,0,Lifestyle,,Strong coffee taste ,,Hot,Regular,Sometimes,Both,"Home made fav,ite ",Maybe,Fresh mind,Sometimes,No,Agree,Disagree,Agree
182,29.5,Woman,Indian,Student;,1,0,0,0,0,0,0,0,"5,000",1,"6am to 10am,",1,0,0,0,Home,1,0,0,0,0,Energy,Sugar,"Just Sugar , may be milk. ",€4 ,Hot,Regular,No,Both,,Yes,Goood,No,Yes,Strongly disagree,Disagree,Agree
183,29.5,Man,Indian,Employed Fulltime;,0,1,0,0,0,0,0,0,"40,000",1,"10am to 1pm,",0,1,0,0,Workplace,0,0,0,1,0,Energy,"Milk , Sugar ",Taste preference ,€3,Hot,Regular,Sometimes,"Small , local business","cheaper , better",Yes,woken up,No,No,"Neither agree n, disagree",Agree,"Neither agree n, disagree"
184,49.5,Woman,Malaysian ,Employed Fulltime;,0,1,0,0,0,0,0,0,"5,000",1,"6am to 10am,",1,0,0,0,Cafe,0,1,0,0,0,Lifestyle,Hot,,,Hot,Both (depending on time of day),No,Both,Taste good,Yes,Relax ,No,No,Strongly agree,"Neither agree n, disagree",Agree
185,29.5,Woman,Irish,Employed Fulltime;,0,1,0,0,0,0,0,0,"14,000",1,"After 3pm,",0,0,0,1,"Home, Workplace",1,0,0,1,0,Lifestyle,Sugar,,,Hot,Regular,No,Both,,No,Warm,No,No,Strongly agree,Agree,Strongly disagree
186,29.5,Woman,,Student;,1,0,0,0,0,0,0,0,"5,000",1,"10am to 1pm,",0,1,0,0,Workplace,0,0,0,1,0,Energy ,Milk Alt,because it's the best when I make it myself,€3,Hot,Both (depending on time of day),Sometimes,Both,convenient,Yes,"exciting, creative, energetic",Yes,Yes,Agree,Disagree,Agree
187,29.5,Man,,Employed Parttime;Student;,1,0,1,0,0,0,0,0,"5,000",2,"After 3pm,6am to 10am,",1,0,0,1,Workplace ,0,0,0,1,0,Energy ,,,€2,Both ,Regular,No,"Small , local business","Cheap , better quality ",Yes,Energetic ,Sometimes,No,Strongly agree,Disagree,Agree
188,29.5,Man,Vietnamese,Student;,1,0,0,0,0,0,0,0,"5,000",1,"6am to 10am,1pm to 3pm,",1,0,0,0,"Workplace , Cafe",0,1,0,1,0,Energy ,"Americano, Double Shot, Latte, Milk Alt",I want to make its taste appropriate with mine flavour,,Cold,Regular,Sometimes,Both,I believe the local coffeeshop will have the niche of coffee beans rather than large chain,Yes,"M,e energetic, powerful , awaken",No,No,Agree,"Neither agree n, disagree",Agree
189,21,Woman,Irish ,Employed Fulltime;,0,1,0,0,0,0,0,0,"31,500",2,"10am to 1pm,After 3pm,",0,1,0,1,Workplace ,0,0,0,1,0,"Lifestyle, Energy","Milk, Sugar ",Better taste ,€4.50,Hot,Regular,Sometimes,Large Chain,,Yes,"M,e awake",No,Yes,Agree,Disagree,Strongly agree
190,21,Man,Indian,Student;,1,0,0,0,0,0,0,0,"14,000",2,"6am to 10am,After 3pm,",1,0,0,1,Home,1,0,0,0,0,"Lifestyle, Energy","Sugar, Milk, Medium",,€3,Hot,Regular,No,Both,Budget friendly ,No,Relaxed ,No,No,"Neither agree n, disagree",Strongly disagree,Agree
191,49.5,Woman,Irish ,Employed Fulltime;,0,1,0,0,0,0,0,0,"80,000",3,"6am to 10am,10am to 1pm,",1,1,0,0,"Cafe , Home",1,1,0,0,0,Lifestyle,Milk,Taste,4.5,Hot,Regular,No,"Small , local business",Better coffee ,No,Telaxed,No,No,"Neither agree n, disagree","Neither agree n, disagree",Disagree
192,39.5,Woman,Indian,Employed Parttime;,0,0,1,0,0,0,0,0,"31,500",1,"6am to 10am,After 3pm,",1,0,0,1,Home,1,0,0,0,0,Energy,Sugar,,€3,Hot,Regular,No,Both,Cheap,Maybe,"Refreshed , energetic ",Sometimes,No,"Neither agree n, disagree","Neither agree n, disagree","Neither agree n, disagree"
193,59.5,Woman,Spanish,Employed Fulltime;,0,1,0,0,0,0,0,0,"14,000",1,"6am to 10am,1pm to 3pm,",1,0,0,0,"Home , Workplace",1,0,0,1,0,Energy,"Milk Alt, Very Hot. ",taste,€2,Both ,Regular,Sometimes,Both,Ambient,Yes,Fine,Yes,Yes,Agree,Agree,Agree
194,21,Woman,Irish ,Student;,1,0,0,0,0,0,0,0,"5,000",1,"1pm to 3pm,",0,0,0,0,Cafe,0,1,0,0,0,Energy,"Milk Alt , Syrup",To improve the taste,€4.50,Hot,Regular,Yes,Both,"Supp,t local business plus there product can be sometimes nicer ",Maybe,"N,A",No,No,"Neither agree n, disagree",Disagree,Disagree
195,21,Woman,Italian ,Student;,1,0,0,0,0,0,0,0,"5,000",1,"6am to 10am,",1,0,0,0,Home,1,0,0,0,0,Taste,,No ,€2,Hot,Regular,No,"Small , local business",Better taste,No,,No,No,Agree,Strongly disagree,Agree
196,21,Man,Irish,Student;Employed Parttime;,1,0,1,0,0,0,0,0,"14,000",1,"10am to 1pm,",0,1,0,0,"Cafe , Workplace",0,1,0,1,0,Energy,,,,Hot,Regular,No,"Small , local business","to supp,t",Maybe,energised,No,No,Disagree,Disagree,Disagree
197,29.5,Woman,Irish,Employed Fulltime;,0,1,0,0,0,0,0,0,"23,500",1,"10am to 1pm,1pm to 3pm,",0,1,0,0,Workplace,0,0,0,1,0,Energy,"Milk , sugar ",taste,,Hot,Regular,No,Both,just off feeling,Maybe,anxious,Sometimes,Yes,"Neither agree n, disagree",Agree,"Neither agree n, disagree"
198,39.5,Woman,Irish,Employed Parttime;,0,0,1,0,0,0,0,0,"14,000",1,"6am to 10am,",1,0,0,0,Workplace,0,0,0,1,0,Energy,Sugar,to taste better,,Hot,Regular,No,Both,whatver is convient ,Maybe,energised,No,No,Agree,Agree,Agree
199,21,Woman,Irish,Employed Fulltime;,0,1,0,0,0,0,0,0,"23,500",1,"6am to 10am,",1,0,0,0,Workplace,0,0,0,1,0,Energy,,,,Hot,Regular,No,Both,any,Maybe,,No,No,Disagree,Disagree,Disagree
200,29.5,Man,Indian,Employed Parttime;Student;,1,0,1,0,0,0,0,0,"14,000",1,"1pm to 3pm,",0,0,0,0,Workplace,0,0,0,1,0,Energy,Sugar,Sugar depending on what ive had today already,,Hot,Regular,No,Both,Just what im feeling like,Maybe,,No,No,Disagree,Strongly disagree,Disagree
201,21,Woman,Irish ,Employed Fulltime;,0,1,0,0,0,0,0,0,"31,500",2,"6am to 10am,1pm to 3pm,",1,0,0,0,Cafe,0,1,0,0,0,Lifestyle ,"Milk Alt, Sweetner","I like the sweet taste , can’t drink dairy ",€4,Hot,Regular,Sometimes,"Small , local business","Not accessible to big chains , I like to supp,t local ",Maybe,Energized ,No,No,Strongly agree,"Neither agree n, disagree",Strongly agree
202,21,Woman,Vietnamese,"Stay at Home,Care Giver;Looking f, W,k;",0,0,0,0,1,1,0,0,"5,000",1,"1pm to 3pm,",0,0,0,0,Cafe,0,1,0,0,0,Lifestyle,Milk,creamy,€2,Cold,Decaf,No,Large Chain,,Maybe,conscious,Yes,Yes,Strongly agree,Strongly agree,Agree
203,29.5,Man,Mexican,Employed Fulltime;,0,1,0,0,0,0,0,0,"40,000",2,"6am to 10am,After 3pm,",1,0,0,1,Home,1,0,0,0,0,Energy,"Milk Alt, Sweetner",I still don't get use to its bitter taste,€10,Hot,Regular,No,"Small , local business","Large chains already have a lot of money, I totally rather helping small businesses",No,As if I were indulging myself,No,No,"Neither agree n, disagree",Disagree,Strongly agree
204,59.5,Woman,Irish,Employed Fulltime;,0,1,0,0,0,0,0,0,"14,000",3,"6am to 10am,1pm to 3pm,10am to 1pm,",1,1,0,0,,0,0,0,0,0,Taste,Milk Alt,Prefer the taste,€5,Hot,Regular,No,Both,Convenient ,No,No difference,No,No,Agree,Agree,Disagree
205,59.5,Man,Irish,Employed Fulltime;,0,1,0,0,0,0,0,0,"14,000",2,"10am to 1pm,",0,1,0,0,Cafe,0,1,0,0,0,Lifestyle,,,,Hot,Regular,No,Both,,No,Relaxed,No,Yes,Disagree,Disagree,Disagree
206,49.5,Man,Irish,Employed Fulltime;,0,1,0,0,0,0,0,0,"40,000",2,"6am to 10am,1pm to 3pm,",1,0,0,0,"Home , Workplace",1,0,0,1,0,Taste,"Milk , sugar ",Takes the bitterness down,€4,Hot,Regular,Yes,Both,,No,No way in particular ,No,No,Disagree,Agree,Disagree
207,39.5,Man,Irish,Self-Employed;,0,0,0,1,0,0,0,0,"80,000",2,"6am to 10am,",1,0,0,0,Home,1,0,0,0,0,Taste,"Flat White, Suagr ",I like it,€4,Hot,Regular,Sometimes,"Small , local business",I like it,Maybe,wakes me up sometimes,No,No,Strongly disagree,Strongly disagree,Strongly disagree
208,49.5,Woman,Irish ,None of the above;,0,0,0,0,0,0,0,1,"5,000",2,"10am to 1pm,",0,1,0,0,Home,1,0,0,0,0,Energy,"Milk, Sugar ",To enjoy the sweetness of the coffee ,€3.50,,Regular,No,"Small , local business",Better coffees ,Yes,Energised ,No,No,"Neither agree n, disagree",Disagree,Strongly agree
209,29.5,Woman,Irish,Employed Fulltime;,0,1,0,0,0,0,0,0,"40,000",1,"6am to 10am,",1,0,0,0,"Workplace , Cafe",0,1,0,1,0,Tastes,"Milk, Sugar ",Tastes better ,€5,Both ,Both (depending on time of day),No,"Small , local business",I usually think they taste nicer ,Yes,"M,e awake , productive",No,Maybe,Strongly agree,"Neither agree n, disagree",Strongly agree
210,29.5,Man,Mexican ,Employed Fulltime;,0,1,0,0,0,0,0,0,"5,000",2,"10am to 1pm,",0,1,0,0,Cafe ,0,1,0,0,0,Taste ,"Flat White, Sugar ",None ,,Hot ,Regular,Sometimes,Both,Local business ,Yes,Awake,No,No,Agree,Agree,Agree
211,65,Woman,Irish ,Employed Parttime;,0,0,1,0,0,0,0,0,"5,000",1,"10am to 1pm,",0,1,0,0,Home,1,0,0,0,0,,"Hot, Milk ",No 3euro Hot ,,Hot,Regular,Yes,"Small , local business","Supp,t locally ",Maybe,,No,No,"Neither agree n, disagree",Strongly disagree,Disagree
212,39.5,Man,Mexican,Employed Fulltime;,0,1,0,0,0,0,0,0,"80,000",1,"10am to 1pm,",0,1,0,0,"Home , Workplace",1,0,0,1,0,Taste,Americano,"N,A",,Hot,Regular,No,"Small , local business","Better coffee , cheaper",No,"Comf,table",No,No,"Neither agree n, disagree",Disagree,Disagree
213,39.5,Man,Mexican,Employed Fulltime;,0,1,0,0,0,0,0,0,"31,500",3,"10am to 1pm,",0,1,0,0,"Workplace , Cafe",0,1,0,1,0,Taste,None ,,€5,Hot,Regular,No,"Small , local business","The quality it's better, also the they usually offer different kinds of extraction",No,"Calm , ready ",No,Yes,Strongly disagree,"Neither agree n, disagree",Strongly disagree
214,39.5,Woman,Mexican,"Stay at Home,Care Giver;",0,0,0,0,1,0,0,0,"5,000",1,"6am to 10am,",1,0,0,0,Home,1,0,0,0,0,Taste,"Sugar, Milk, ",,,Hot,Decaf,No,Large Chain,,No,,No,No,Strongly disagree,Disagree,Strongly disagree
215,65,Woman,Mexicana,Retired;,0,0,0,0,0,0,1,0,,2,"6am to 10am,",1,0,0,0,Home,1,0,0,0,0,Taste ,Hot,Because I like regular,€2,Hot,Regular,No,Both,Because I like ,Maybe,Happy,Sometimes,No,"Neither agree n, disagree","Neither agree n, disagree","Neither agree n, disagree"
216,65,Man,Mexicano,Retired;,0,0,0,0,0,0,1,0,"31,500",1,"10am to 1pm,",0,1,0,0,Home ,1,0,0,0,0,Taste,"Medium, Milk","delicious decaffeinated , warm ",€2,Both ,Decaf,Yes,"Small , local business","f, economy , speed of service  ",Yes,alert active satisfied ,No,No,"Neither agree n, disagree","Neither agree n, disagree","Neither agree n, disagree"
217,21,Man,Irish,Student;,1,0,0,0,0,0,0,0,"14,000",,"10am to 1pm,",0,1,0,0,Home,1,0,0,0,0,Taste,Milk,It's tastier ,€8,Hot ,Regular,No,Both,"Often m,e unique , higher quality blends ",Maybe,Happy ,No,Yes,"Neither agree n, disagree",Strongly disagree,"Neither agree n, disagree"
218,29.5,Man,Malaysia,Student;,1,0,0,0,0,0,0,0,"5,000",1,"10am to 1pm,1pm to 3pm,",0,1,0,0,Workplace,0,0,0,1,0,Taste,,,€1.47,Cold,Regular,No,Both,Cheap,Yes,Satisfying,No,No,Agree,Agree,Disagree
219,29.5,Man,Mexican,Employed Fulltime;,0,1,0,0,0,0,0,0,"40,000",2,"10am to 1pm,",0,1,0,0,Workplace ,0,0,0,1,0,Energy ,"Milk , Sugar ",I prefer it sweet  ,,Hot,Regular,Yes,"Small , local business",To get local products ,Yes,Awake ,No,No,Agree,Disagree,"Neither agree n, disagree"
220,39.5,Woman,Irish,Self-Employed;,0,0,0,1,0,0,0,0,"14,000",3,"6am to 10am,1pm to 3pm,",1,0,0,0,"Home, Cafe , Workplace ",1,1,0,1,0,"Taste, Energy",Milk Alt,Vegan,,Both ,Regular,Sometimes,"Small , local business","Prefer to supp,t local , boycott certain chains ",Yes,Happy ,No,Yes,Agree,Strongly disagree,Agree
221,29.5,Man,Indian,Employed Fulltime;,0,1,0,0,0,0,0,0,"14,000",2,"10am to 1pm,",0,1,0,0,Home,1,0,0,0,0,Energy ,Americano,Taste better,,Hot,Both (depending on time of day),No,Both,"Local shops have unique flav,s",Yes,Good,No,No,"Neither agree n, disagree",Strongly agree,Agree
222,21,Man,American ,Student;Employed Parttime;,1,0,1,0,0,0,0,0,"14,000",1,"6am to 10am,",1,0,0,0,Home,1,0,0,0,0,Energy ,,Less caffeine ,€5,Hot,Regular,No,Both,Protect small businesses ,No,"Anxious, energized ",Yes,Yes,Disagree,Agree,Agree
223,29.5,Woman,Irish,Employed Fulltime;,0,1,0,0,0,0,0,0,"14,000",3,"10am to 1pm,",0,1,0,0,Cafe,0,1,0,0,0,Taste,Milk,Lifestyle,€4.50,Hot,Regular,Sometimes,"Small , local business","Supp,t local ",Yes,Happy,No,Yes,Agree,"Neither agree n, disagree","Neither agree n, disagree"
224,39.5,Woman,Chinese,Self-Employed;,0,0,0,1,0,0,0,0,"80,000",2,"6am to 10am,1pm to 3pm,",1,0,0,0,HomeWorkplace,1,0,0,1,0,Energy,Milk,love milk,,Hot,Regular,No,Large Chain,,Yes,good,No,,"Neither agree n, disagree","Neither agree n, disagree","Neither agree n, disagree"
225,21,Man,Irish,Student;,1,0,0,0,0,0,0,0,"14,000",1,"6am to 10am,",1,0,0,0,Cafe,0,1,0,0,0,Energy ,"Sugar, Milk Alt",flavour ,€3.50,Hot,Regular,Yes,"Small , local business",Sustainability ,Yes,Awake,No,Yes,"Neither agree n, disagree",Disagree,Disagree
226,29.5,Man,Turkish,Employed Parttime;Self-Employed;Student;,1,0,1,1,0,0,0,0,"5,000",2,"6am to 10am,1pm to 3pm,",1,0,0,0,Home,1,0,0,0,0,Taste,Milk,"comf,ts my stomach",€4,Cold,Regular,No,Both,,Maybe,happier,No,Maybe,Agree,Disagree,Agree
227,21,Man,Irish,Student;,1,0,0,0,0,0,0,0,"5,000",1,"6am to 10am,",1,0,0,0,Other,0,0,0,0,1,Energy,Milk,To sweeten the taste,,Hot,Regular,No,Large Chain,"N,A",Yes,Sharper,Sometimes,No,"Neither agree n, disagree",Agree,"Neither agree n, disagree"
228,21,Man,Irish,Student;Employed Parttime;,1,0,1,0,0,0,0,0,"5,000",1,"10am to 1pm,",0,1,0,0,Cafe,0,1,0,0,0,"Taste, Energy","Cold, Milk Alt",Experience ,,Cold,Regular,No,Both,,Yes,Energised,No,Yes,"Neither agree n, disagree",Agree,"Neither agree n, disagree"
229,21,Woman,Irish ,Student;,1,0,0,0,0,0,0,0,"5,000",1,"10am to 1pm,",0,1,0,0,Cafe,0,1,0,0,0,Energy boost,Syrup ,flavour ,€5,Cold ,Regular,Sometimes,Both,"supp,t small businesses ",Yes,awake ,Yes,Yes,Strongly agree,Disagree,Strongly agree
230,21,Woman,Irish,Student;Employed Parttime;,1,0,1,0,0,0,0,0,"14,000",1,"6am to 10am,",1,0,0,0,Home,1,0,0,0,0,Energy boost,Syrup ,tastes sweeter ,,Cold ,Regular,No,Large Chain,,Yes,Energised,No,No,Agree,Agree,Disagree
231,21,Man,,Student;Employed Parttime;,1,0,1,0,0,0,0,0,"14,000",2,"6am to 10am,",1,0,0,0,Cafe,0,1,0,0,0,Energy,I don’t ,Na,,Hot,Regular,No,"Small , local business","Supp,ting",Yes,Energised,No,No,Agree,Disagree,Agree
232,21,Man,Irish,Student;Employed Parttime;,1,0,1,0,0,0,0,0,"5,000",2,"6am to 10am,",1,0,0,0,Home,1,0,0,0,0,Tastes ,"Sugar, Milk",i like it sweet when there is sugar,€3,Hot,Regular,Yes,Both,,No,Energises,No,No,"Neither agree n, disagree",Agree,Disagree
233,29.5,Woman,Irish ,Student;,1,0,0,0,0,0,0,0,"5,000",1,"10am to 1pm,",0,1,0,0,Cafe ,0,1,0,0,0,Taste,Milk Alt,,,Both ,Regular,No,"Small , local business",Prefer their coffee ,Yes,"Makes me feel full, replaces my breakfast ",Sometimes,No,Agree,Disagree,Strongly agree
234,29.5,Woman,Indian,Self-Employed;,0,0,0,1,0,0,0,0,"14,000",4,"10am to 1pm,",0,1,0,0,,0,0,0,0,0,Lifestyle,No ,I dont get that much time,,Hot,Regular,No,Large Chain,,Yes,Good,No,No,Strongly disagree,"Neither agree n, disagree",Disagree
235,21,Man,Irish,Student;,1,0,0,0,0,0,0,0,"5,000",1,"6am to 10am,",1,0,0,0,Home,1,0,0,0,0,Energy,"Sugar, Milk",,€6,Cold,Regular,Sometimes,"Small , local business",Close proximity to college,Maybe,Awake,No,Maybe,Disagree,"Neither agree n, disagree",Disagree
236,39.5,Woman,Irish,Employed Fulltime;,0,1,0,0,0,0,0,0,"80,000",4,"6am to 10am,10am to 1pm,",1,1,0,0,"Workplace , Home",1,0,0,1,0,Energy,Milk,"m,e delicious ",€4,Hot,Regular,Sometimes,Both,better coffee ,Yes,warm,Sometimes,Yes,Strongly agree,Disagree,"Neither agree n, disagree"
237,29.5,Man,Polish -Bangladeshii,Student;,1,0,0,0,0,0,0,0,"5,000",3,"6am to 10am,10am to 1pm,",1,1,0,0,"Home, Workplace, Other",1,0,0,1,1,Energy,,"Coffeee Hot water , milk ",€3,Hot,Regular,No,Both,Any of them aar fine,Yes,Energetic ,No,No,Disagree,Agree,Agree
238,21,Man,Irish ,Student;Employed Parttime;,1,0,1,0,0,0,0,0,"5,000",1,"10am to 1pm,",0,1,0,0,Cafe,0,1,0,0,0,Energy,"Cold, Milk Alt",Táte nicer in the m?ning ,,Cold ,Regular,Sometimes,Both,Convenience òn ?ay to college ,Yes,"Ready f, the day,mo? ?nergy ",Yes,Yes,Agree,Disagree,Agree
239,59.5,Man,Irish,Employed Fulltime;,0,1,0,0,0,0,0,0,"80,000",5,"10am to 1pm,",0,1,0,0,Cafe,0,1,0,0,0,Lifestyle,"Milk , Sugar ",Taste,,Hot,Regular,Yes,"Small , local business",Good to fo,No,Great,No,No,Disagree,Strongly disagree,Strongly disagree
240,59.5,Man,English ,Retired;,0,0,0,0,0,0,1,0,"70,000",3,"10am to 1pm,",0,1,0,0,Cafe,0,1,0,0,0,Taste,No,No ,,Hot,Regular,No,Both,Whatever’s closest ,No,Good,No,No,Disagree,Disagree,Disagree
241,21,Woman,Irish,Student;,1,0,0,0,0,0,0,0,"5,000",2,"6am to 10am,",1,0,0,0,"Home , Cafe",1,1,0,0,0,Energy,Oat Milk,Taste of Oat is preferred ,,Hot,Regular,Yes,"Small , local business","quality is better, supp,ting local businesses",Yes,Soothing,Yes,No,Agree,Disagree,Agree
242,21,Woman,Irish,Employed Fulltime;,0,1,0,0,0,0,0,0,"31,500",1,"6am to 10am,",1,0,0,0,Cafe,0,1,0,0,0,Energy,One sugar almond milk,"Better taste. Cow milk bad f, skin",€4,Both,Regular,Yes,Large Chain,,Yes,Awesome,No,Yes,Strongly agree,"Neither agree n, disagree",Agree
243,29.5,Woman,Indian,Student;,1,0,0,0,0,0,0,0,"5,000",2,"10am to 1pm,",0,1,0,0,Home,1,0,0,0,0,Energy,With sugar,So that it is tasty,€3,Hot,Regular,No,"Small , local business",Help them,Maybe,Refreshed,No,No,Disagree,Agree,"Neither agree n, disagree"
244,21,Man,Albanian,Student;,1,0,0,0,0,0,0,0,"23,500",2,"6am to 10am,",1,0,0,0,Home ,1,0,0,0,0,Energy,sugars ,taste sweeter ,,Hot ,Regular,No,Both,small,No,awake ,No,No,Disagree,Disagree,Disagree
245,21,Woman,British ,Student;Employed Parttime;,1,0,1,0,0,0,0,0,"5,000",1,"1pm to 3pm,",0,0,0,0,Cafe,0,1,0,0,0,Taste,extra Hot,i prefer ir really Hot,€5,Hot,Both (depending on time of day),No,"Small , local business","nicer coffee as usually m,e expensive",No,tired ,No,No,Agree,Disagree,Agree
246,21,Woman,Irish,Employed Fulltime;,0,1,0,0,0,0,0,0,"40,000",1,"10am to 1pm,",0,1,0,0,"Home , Cafe",1,1,0,0,0,Tastes ,Coconut milk vanilla syrup ,"N,mal milk makes me feel sick ",,Both ,Regular,Sometimes,Both,,No,,No,Yes,Strongly agree,"Neither agree n, disagree",Strongly agree
247,21,Man,Irish ,Student;,1,0,0,0,0,0,0,0,"5,000",1,"6am to 10am,",1,0,0,0,Home,1,0,0,0,0,Taste,No personalisation ,,€4,Both ,Regular,No,"Small , local business","Want to supp,t local ",Yes,Amazing,No,No,Strongly disagree,Strongly agree,Strongly agree
248,39.5,Prefer not to say,Irish,Employed Fulltime;,0,1,0,0,0,0,0,0,"70,000",2,"6am to 10am,",1,0,0,0,"Home, Workplace",1,0,0,1,0,Taste,Milk,Taste,,Hot,Both (depending on time of day),Sometimes,Both,Convenience,No,I enjoy it,No,Maybe,Disagree,Agree,"Neither agree n, disagree"
249,49.5,Woman,Irish,Employed Fulltime;,0,1,0,0,0,0,0,0,"14,000",2,"6am to 10am,1pm to 3pm,",1,0,0,0,"Workplace, Home , Cafe",1,1,0,1,0,Taste,"Milky, one sugar",,€4,Hot,Regular,Sometimes,Both,"To supp,t local business ",No,Relaxed,No,No,"Neither agree n, disagree","Neither agree n, disagree","Neither agree n, disagree"
250,39.5,Man,Mexican ,Employed Fulltime;,0,1,0,0,0,0,0,0,"40,000",2,"6am to 10am,",1,0,0,0,Cafe,0,1,0,0,0,Energy,Sugar only ,To get the perfect cup of coffee,€3,Hot ,Regular,No,"Small , local business",Because it's cheaper ,Yes,Energetic ,No,Yes,Strongly disagree,Strongly disagree,Agree
251,21,Woman,Irish,Student;,1,0,0,0,0,0,0,0,"5,000",2,"6am to 10am,10am to 1pm,",1,1,0,0,Cafe,0,1,0,0,0,Energy,"vanilla syrup , oat milk",better taste,€5,Both ,Regular,Sometimes,Both,give money to the economy,Yes,less tired,Sometimes,Yes,Disagree,Agree,Strongly agree
252,21,Woman,Irish ,Student;,1,0,0,0,0,0,0,0,"5,000",3,"6am to 10am,",1,0,0,0,"Home , Cafe ",1,1,0,0,0,"Taste, Energy","Cocount milk , caramel ","Taste better , cociunt slims face fat",,Cold,Regular,No,"Small , local business",Nicer ,Yes,Happy ,Yes,No,Agree,Disagree,"Neither agree n, disagree"
253,49.5,Man,British ,Employed Fulltime;,0,1,0,0,0,0,0,0,"14,000",2,"10am to 1pm,",0,1,0,0,Workplace ,0,0,0,1,0,Taste,"Sugar , milk",,€4,Hot,Regular,Yes,Large Chain,,No,Wakes me up,Sometimes,Maybe,Strongly agree,Agree,Agree
254,21,Woman,Irish,Employed Parttime;Student;,1,0,1,0,0,0,0,0,"5,000",1,"1pm to 3pm,",0,0,0,0,Cafe,0,1,0,0,0,Energy,"Sugar , sometimes syrup ",Taste,,Hot,Regular,No,Both,I don’t,Maybe,,No,No,Strongly agree,Agree,Agree
255,29.5,Woman,Irish,Employed Fulltime;,0,1,0,0,0,0,0,0,"80,000",2,"6am to 10am,",1,0,0,0,Home,1,0,0,0,0,Energy,oat milk,tasty !,€3,Hot,Regular,Sometimes,"Small , local business","better to supp,t local Cafe, usually tastes better",Yes,energised !,No,Yes,Strongly agree,Agree,Agree
256,21,Man,Irish ,Student;,1,0,0,0,0,0,0,0,"14,000",1,"10am to 1pm,",0,1,0,0,Cafe,0,1,0,0,0,"Lifestyle, Energy",No ,No,,Hot,Regular,No,"Small , local business","M,e authentic , nicer vibe",Yes,Energised ,No,No,Agree,Disagree,"Neither agree n, disagree"
257,29.5,Man,Pakistani,Student;,1,0,0,0,0,0,0,0,"5,000",1,"After 3pm,",0,0,0,1,Home,1,0,0,0,0,Lifestyle,"Sugar , milk",Since I prefer tea that’s why,,Both,Regular,No,Both,"Supp,t ",No,"Comf,ted",No,No,Agree,"Neither agree n, disagree",Agree
258,21,Woman,Irish ,Student;,1,0,0,0,0,0,0,0,"5,000",1,"6am to 10am,",1,0,0,0,Home ,1,0,0,0,0,Energy ,oat milk ,"i dont like n,mal milk ",€5,Cold ,Regular,Sometimes,Both,"to supp,t them ",Yes,enetgised ,No,No,Agree,"Neither agree n, disagree",Agree
259,21,Man,Irish,Student;,1,0,0,0,0,0,0,0,"23,500",1,"6am to 10am,",1,0,0,0,Home,1,0,0,0,0,Taste,Just add milk,Taste,€4,Cold,Regular,No,Both,Most often to try something new,Maybe,"Depending on time,location. Relaxed , energized",No,No,Agree,Disagree,Agree
260,21,Woman,Irish,Student;,1,0,0,0,0,0,0,0,"5,000",0,"10am to 1pm,",0,1,0,0,Cafe,0,1,0,0,0,Lifestyle,,,,Cold,Regular,No,Large Chain,,Yes,,No,Yes,Agree,Agree,Agree
261,49.5,Man,Irish,Self-Employed;,0,0,0,1,0,0,0,0,"23,500",3,"1pm to 3pm,10am to 1pm,6am to 10am,",1,1,0,0,Home,1,0,0,0,0,Lifestyle,Decaf,Lifestyleuated,€2,Cold,Decaf,Sometimes,"Small , local business",Small,Maybe,Anxious,Sometimes,Maybe,"Neither agree n, disagree",Disagree,"Neither agree n, disagree"
262,21,Man,Irish,Student;,1,0,0,0,0,0,0,0,"14,000",1,"6am to 10am,",1,0,0,0,Cafe,0,1,0,0,0,"Taste, Energy",No,No,€5,Hot,Regular,No,Large Chain,,Yes,Good,No,No,Strongly disagree,Strongly disagree,Strongly agree
263,29.5,Man,Irish,Employed Fulltime;,0,1,0,0,0,0,0,0,"31,500",1,"10am to 1pm,",0,1,0,0,Workplace,0,0,0,1,0,Energy,Sugar,Taste,,Hot,Regular,No,Both,No preference ,No,Energised,No,No,"Neither agree n, disagree",Disagree,"Neither agree n, disagree"
264,21,Woman,Irish,Student;,1,0,0,0,0,0,0,0,"5,000",2,"10am to 1pm,",0,1,0,0,Cafe,0,1,0,0,0,Energy,Vanilla syrup ,I like the taste ,,Cold,Both (depending on time of day),No,Both,"Supp,t",Yes,Energised ,Sometimes,No,Agree,Agree,Agree
265,21,Woman,Spanish,Student;,1,0,0,0,0,0,0,0,"5,000",4,"10am to 1pm,",0,1,0,0,Cafe,0,1,0,0,0,Energy,No,No,,Hot,Regular,No,"Small , local business",,Yes,Good,No,Yes,Disagree,Agree,Disagree
266,21,Woman,Columbian ,"Looking f, W,k;",0,0,0,0,0,1,0,0,"5,000",1,"10am to 1pm,",0,1,0,0,Home,1,0,0,0,0,Energy,Milke type ,,,,Both (depending on time of day),Sometimes,Both,,Maybe,,No,No,"Neither agree n, disagree","Neither agree n, disagree","Neither agree n, disagree"
267,29.5,Woman,Indian,Employed Fulltime;,0,1,0,0,0,0,0,0,"23,500",2,"After 3pm,10am to 1pm,",0,1,0,1,"Home , Workplace",1,0,0,1,0,"Taste, Energy",No sugar,Caffiene hit,,Hot,Regular,No,Both,,Maybe,Energetic,Sometimes,Maybe,Strongly agree,Agree,Agree
268,29.5,Man,Irish,Employed Fulltime;,0,1,0,0,0,0,0,0,"31,500",,"6am to 10am,10am to 1pm,",1,1,0,0,Cafe,0,1,0,0,0,Energy,With sugar,"F, the taste",,Hot,Both (depending on time of day),Sometimes,"Small , local business",,Maybe,Nothing,Yes,Yes,Agree,Disagree,Strongly agree
269,21,Man,Irish ,Employed Parttime;Student;,1,0,1,0,0,0,0,0,"14,000",1,"6am to 10am,",1,0,0,0,Home,1,0,0,0,0,Energy,Bit of milk,taste better,,Cold,Regular,No,"Small , local business","To supp,t local , not give to c,p,ations ",Yes,Amazing,No,No,Strongly agree,Strongly disagree,Strongly agree
270,29.5,Man,Pakistani ,Student;,1,0,0,0,0,0,0,0,"5,000",1,"1pm to 3pm,",0,0,0,0,Home,1,0,0,0,0,,,,,,Both (depending on time of day),Sometimes,Both,,Maybe,,Sometimes,Maybe,Agree,Agree,Agree
271,21,Woman,Irish ,Student;,1,0,0,0,0,0,0,0,"5,000",1,"6am to 10am,",1,0,0,0,Home ,1,0,0,0,0,Energy ,caramel syrup ,taste ,€5,Hot ,Regular,Yes,"Small , local business",,Yes,happy ,No,No,Agree,Agree,Agree
272,21,Woman,Irish,Student;,1,0,0,0,0,0,0,0,"5,000",1,"10am to 1pm,",0,1,0,0,Other,0,0,0,0,1,"Lifestyle, Energy",no,,,Hot,Regular,No,Both,local,,energized,Sometimes,No,Disagree,"Neither agree n, disagree",Agree
273,21,Woman,English,Student;Employed Parttime;,1,0,1,0,0,0,0,0,"14,000",1,"10am to 1pm,1pm to 3pm,",0,1,0,0,Cafe,0,1,0,0,0,Energy ,I don’t,I don’t,,Hot,Regular,No,"Small , local business","To supp,t them",Yes,Energised,No,No,"Neither agree n, disagree","Neither agree n, disagree","Neither agree n, disagree"
274,29.5,Woman,Irish ,Student;Employed Parttime;,1,0,1,0,0,0,0,0,"14,000",1,"1pm to 3pm,",0,0,0,0,Cafe,0,1,0,0,0,Energy,vanilla syrup ,Taste better,€5,Cold,Regular,No,Both,To keep the money in our economy ,Yes,Alert ,No,No,Strongly agree,Strongly agree,Strongly agree
275,29.5,Woman,Indian,Employed Fulltime;,0,1,0,0,0,0,0,0,"23,500",1,"6am to 10am,",1,0,0,0,Home,1,0,0,0,0,Energy,"F, one cup of coffee I put 1 tea spoon of sugar half cup of milk",I like it that way,,Hot,Regular,Yes,"Small , local business","There coffee tastes better , it's aff,dable ",Yes,Fresh - full of energy ,No,No,Agree,Disagree,Agree
276,21,Woman,Irish,Student;Employed Parttime;,1,0,1,0,0,0,0,0,"5,000",2,"10am to 1pm,",0,1,0,0,Home ,1,0,0,0,0,"Taste, Energy",2 sugar,sweeter,,Hot,Regular,No,Large Chain,,Yes,happy,Sometimes,Yes,Agree,Strongly agree,Strongly agree
277,21,Man,Indian,Student;,1,0,0,0,0,0,0,0,"5,000",1,"After 3pm,",0,0,0,1,Home ,1,0,0,0,0,"Lifestyle, Energy","With sugar , milk",Prefer regular,,Hot,Regular,No,Both,Cheaper,Maybe,Energetic ,No,No,Disagree,Agree,Agree
278,21,Woman,Mexican ,Employed Fulltime;,0,1,0,0,0,0,0,0,"31,500",1,"10am to 1pm,",0,1,0,0,Home,1,0,0,0,0,"Lifestyle, Energy",Sugar milk ,,€4,Hot,Both (depending on time of day),Sometimes,Both,"Flav, , price ",No,Happy ,No,No,Agree,"Neither agree n, disagree",Agree
279,21,Woman,Bangladeshi ,Student;,1,0,0,0,0,0,0,0,"5,000",45,"10am to 1pm,",0,1,0,0,Cafe ,0,1,0,0,0,Taste ,"Coconut milk , honey as substitute f, sugar",Taste,€5,Hot ,Both (depending on time of day),No,Both,,Maybe,Nice ,Yes,Yes,Agree,"Neither agree n, disagree",Agree
280,21,Man,Dutch,Student;Employed Parttime;,1,0,1,0,0,0,0,0,"31,500",2,"6am to 10am,1pm to 3pm,",1,0,0,0,Cafe,0,1,0,0,0,Energy,black lol,just an americano,€3,Hot,Regular,No,Both,,Yes,Energised,No,Yes,"Neither agree n, disagree",Disagree,Disagree
281,21,Man,Filipino,Student;,1,0,0,0,0,0,0,0,"5,000",2,"6am to 10am,",1,0,0,0,"Home , Workplace",1,0,0,1,0,"Lifestyle, Energy","2 sugar , a dash of milk",Taste,,Hot,Regular,No,Both,Location,Yes,Energetic,No,No,Strongly disagree,Strongly agree,Strongly disagree
282,21,Woman,Irish,Student;,1,0,0,0,0,0,0,0,"23,500",4,"6am to 10am,",1,0,0,0,Home,1,0,0,0,0,Taste,milk,dont like black coffee,,Cold,Regular,Sometimes,Both,usually nicer,No,juet luke the taste,No,Maybe,Agree,Agree,Agree
283,29.5,Woman,Indian ,Employed Fulltime;,0,1,0,0,0,0,0,0,"14,000",2,"After 3pm,",0,0,0,1,Workplace ,0,0,0,1,0,Taste,"Black coffee , less milk with less sugar ",I like it strong with less sugar ,€2.92,Both,Both (depending on time of day),Sometimes,Both,They serve better coffee at times ,No,Good,No,No,Strongly agree,Disagree,Strongly agree
284,59.5,Man,Irish,Employed Fulltime;,0,1,0,0,0,0,0,0,"80,000",1,"10am to 1pm,",0,1,0,0,Home,1,0,0,0,0,Energy,Milky with sugar,Extra sugar,,Hot,Regular,No,"Small , local business",Cheaper ,Yes,Energetic ,No,Maybe,Disagree,Disagree,Disagree
285,21,Woman,,"Looking f, W,k;",0,0,0,0,0,1,0,0,"23,500",2,"6am to 10am,10am to 1pm,",1,1,0,0,"Home, Cafe",1,1,0,0,0,Energy ,"oat milk, sometimes some syrup, sometimes iced",tastes nicer ,,Hot,Regular,Sometimes,"Small , local business","supp,t local",Yes,"awake, sometimes jittery, sometimes anxious if i have too much",Sometimes,Maybe,Agree,"Neither agree n, disagree","Neither agree n, disagree"
286,21,Man,Irish ,Student;Employed Parttime;,1,0,1,0,0,0,0,0,"14,000",1,"6am to 10am,",1,0,0,0,Home,1,0,0,0,0,Energy ,Iced black coffee,Health benefit,,Cold,Regular,No,Large Chain,,Yes,Awake,No,No,Agree,Strongly agree,Disagree
287,21,Woman,Malaysian,Student;Employed Parttime;,1,0,1,0,0,0,0,0,"5,000",0.5,"10am to 1pm,1pm to 3pm,",0,1,0,0,Cafe ,0,1,0,0,0,"Lifestyle, Energy",,,,Hot,Regular,No,Both,,Maybe,,Yes,Yes,Agree,"Neither agree n, disagree",Agree
288,21,Other,Irish,Student;,1,0,0,0,0,0,0,0,"5,000",2,"6am to 10am,10am to 1pm,1pm to 3pm,",1,1,0,0,"Home , Cafe",1,1,0,0,0,Taste,"Oat milk sugar , syrup",taste ,€6,Hot,Regular,Sometimes,Both,Why not,Maybe,Happy ,No,Maybe,Strongly agree,"Neither agree n, disagree",Agree
289,21,Woman,Irish,Employed Parttime;,0,0,1,0,0,0,0,0,"5,000",2,"10am to 1pm,1pm to 3pm,",0,1,0,0,Workplace,0,0,0,1,0,Taste,Sugar ,2,€5,Hot,Regular,No,Large Chain,,Maybe,"Good , m,e awake",No,No,Strongly agree,"Neither agree n, disagree",Agree
290,21,Woman,Chilean ,Student;Employed Parttime;,1,0,1,0,0,0,0,0,"5,000",1,"6am to 10am,10am to 1pm,",1,1,0,0,"Workplace , Home ",1,0,0,1,0,Taste,"Caramel , oat milk ","I like the flavour with caramel , oat than by itself ",,Hot ,Regular,Sometimes,Both,"Price , quality ",Yes,"Energetic , sometimes anxious ",Sometimes,Maybe,Agree,"Neither agree n, disagree",Agree
291,21,Woman,Irish,Student;,1,0,0,0,0,0,0,0,"5,000",1,"6am to 10am,",1,0,0,0,Home,1,0,0,0,0,Energy ,"milk , Hot",bc i like it,€5,Hot,Regular,Sometimes,Both,,Maybe,"m,e energetic",Sometimes,No,Strongly agree,"Neither agree n, disagree","Neither agree n, disagree"
292,59.5,Woman,Irish,Employed Fulltime;,0,1,0,0,0,0,0,0,"14,000",2,"10am to 1pm,After 3pm,",0,1,0,1,Workplace,0,0,0,1,0,Energy ,Always with milk always with sugar,Sometimes with a sHot of hazelnut syrup,€5,Hot,Regular,No,Large Chain,,Yes,"Energised , calmed if fully made with milk",No,No,Disagree,Strongly disagree,"Neither agree n, disagree"
293,49.5,Man,Chinese,Self-Employed;,0,0,0,1,0,0,0,0,"23,500",5,"1pm to 3pm,10am to 1pm,6am to 10am,",1,1,0,0,Workplace,0,0,0,1,0,"Lifestyle, Energy",Milk with sugar,No personalisation,,Hot,Regular,Yes,Large Chain,,Yes,Energetic,Sometimes,No,Strongly disagree,"Neither agree n, disagree",Agree
294,49.5,Woman,Irish,Employed Fulltime;,0,1,0,0,0,0,0,0,"31,500",1,"10am to 1pm,",0,1,0,0,"Workplace , Home",1,0,0,1,0,Energy,Sugar,Taste,,Hot,Regular,No,Both,Neither,Maybe,Energised,No,No,Strongly disagree,Agree,Strongly disagree
295,29.5,Man,Irish,Employed Fulltime;,0,1,0,0,0,0,0,0,"23,500",1,"10am to 1pm,",0,1,0,0,Home,1,0,0,0,0,Energy ,"Milk, half sugar ",Because instant coffee sometimes is bitter,,Hot,Regular,Sometimes,Both,"The coffee is usually better , I’m supp,ting local",Yes,"I get a small energy boost from the caffeine , sugar ",No,Maybe,Agree,Agree,"Neither agree n, disagree"
296,59.5,Woman,American,Employed Parttime;,0,0,1,0,0,0,0,0,"14,000",5,"10am to 1pm,After 3pm,",0,1,0,1,"Cafe , Workplace",0,1,0,1,0,"Lifestyle, Energy",No,No,,Hot ,Regular,No,Large Chain,,Yes,Active,Yes,Yes,Strongly disagree,"Neither agree n, disagree",Strongly disagree
297,49.5,Man,Nigerian,Employed Fulltime;,0,1,0,0,0,0,0,0,"70,000",2,"6am to 10am,",1,0,0,0,Home,1,0,0,0,0,"Lifestyle, Energy",Milk 1 sugar,I like the taste ,€4,Hot ,Regular,Sometimes,"Small , local business","To supp,t small business ",Yes,Hyper,Yes,Yes,Strongly disagree,Strongly agree,Strongly disagree
298,65,Man,Irish,Retired;,0,0,0,0,0,0,1,0,"80,000",4,"6am to 10am,After 3pm,1pm to 3pm,10am to 1pm,",1,1,0,1,Home ,1,0,0,0,0,Energy ,,,,Hot,Regular,No,"Small , local business",,No,Warm,No,No,"Neither agree n, disagree","Neither agree n, disagree","Neither agree n, disagree"
299,39.5,Woman,Mexican,Employed Fulltime;,0,1,0,0,0,0,0,0,"80,000",2,"6am to 10am,10am to 1pm,",1,1,0,0,"Workplace , Cafe",0,1,0,1,0,Energy ,"Just oat milk ,t else just black",I don't like the heaviness of milk,,Hot,Both (depending on time of day),Sometimes,"Small , local business",Keeps the economy going,Yes,Awake,No,Yes,"Neither agree n, disagree","Neither agree n, disagree","Neither agree n, disagree"
300,65,Woman,Indian,"Stay at Home,Care Giver;",0,0,0,0,1,0,0,0,"5,000",2,"6am to 10am,After 3pm,",1,0,0,1,Home,1,0,0,0,0,Lifestyle,Plain coffee,,€1.94,Hot,Regular,No,Both,Depends on the taste,Maybe,Good,No,No,,Strongly agree,
301,21,Woman,Irish,Employed Fulltime;,0,1,0,0,0,0,0,0,"14,000",1,"10am to 1pm,",0,1,0,0,Home,1,0,0,0,0,Taste,"Syrup , milk ",To make it sweeter,€4,Cold,Regular,No,"Small , local business",Coffee is nicer,No,,No,No,Strongly agree,Agree,Strongly agree
302,21,Woman,Malaysian,"Looking f, W,k;Student;",1,0,0,0,0,1,0,0,"5,000",1,"10am to 1pm,",0,1,0,0,Home ,1,0,0,0,0,Taste,,Oat milk ,,Hot ,Regular,No,Both,,Yes,motivated ,Yes,No,Agree,Agree,Agree
303,65,Man,Irish,Employed Parttime;,0,0,1,0,0,0,0,0,"40,000",6,"1pm to 3pm,",0,0,0,0,Cafe,0,1,0,0,0,Taste,No,No,,Hot,Regular,No,"Small , local business",,Maybe,Good,Sometimes,No,"Neither agree n, disagree",Disagree,Agree
,,,,,0,0,0,0,0,0,0,0,,,,0,0,0,0,,0,0,,0,0,,,,Conversion rates 25/11/2025 12pm,,,,,,,,,,,,
,,,,,,,,,,,,,,,,,,,,,,,,,Milk,,,,,,,,,,,,,,,,
,,,,,,,,,,,,,,,,,,,,,,,,,Milk Alt,,,,,,,,,,,,,,,,
,,,,,,,,,,,,,,,,,,,,,,,,,"Milk amount / style - froth milk, steamed milk, cream, cold foam, half & half",,,,,,,,,,,,,,,,
,,,,,,,,,,,,,,,,,,,,,,,,,,,,,,,,,,,,,,,,,
,,,,,,,,,,,,,,,,,,,,,,,,,2. sweetness,,,,,,,,,,,,,,,,
,,,,,,,,,,,,,,,,,,,,,,,,,sugar,,,,,,,,,,,,,,,,
,,,,,,,,,,,,,,,,,,,,,,,,,sweetners,,,,,,,,,,,,,,,,
,,,,,,,,,,,,,,,,,,,,,,,,,syrups,,,,,,,,,,,,,,,,
,,,,,,,,,,,,,,,,,,,,,,,,,,,,,,,,,,,,,,,,,
,,,,,,,,,,,,,,,,,,,,,,,,,3.tempature,,,,,,,,,,,,,,,,
,,,,,,,,,,,,,,,,,,,,,,,,,extra hot ,,,,,,,,,,,,,,,,
,,,,,,,,,,,,,,,,,,,,,,,,,hot,,,,,,,,,,,,,,,,
,,,,,,,,,,,,,,,,,,,,,,,,,cold,,,,,,,,,,,,,,,,
,,,,,,,,,,,,,,,,,,,,,,,,,warm,,,,,,,,,,,,,,,,
,,,,,,,,,,,,,,,,,,,,,,,,,other,,,,,,,,,,,,,,,,
,,,,,,,,,,,,,,,,,,,,,,,,,,,,,,,,,,,,,,,,,
,,,,,,,,,,,,,,,,,,,,,,,,,4. Strenght,,,,,,,,,,,,,,,,
,,,,,,,,,,,,,,,,,,,,,,,,,double shot,,,,,,,,,,,,,,,,
,,,,,,,,,,,,,,,,,,,,,,,,,one shot ,,,,,,,,,,,,,,,,
,,,,,,,,,,,,,,,,,,,,,,,,,decaf,,,,,,,,,,,,,,,,
,,,,,,,,,,,,,,,,,,,,,,,,,,,,,,,,,,,,,,,,,
,,,,,,,,,,,,,,,,,,,,,,,,,5. type,,,,,,,,,,,,,,,,
,,,,,,,,,,,,,,,,,,,,,,,,,latte,,,,,,,,,,,,,,,,
,,,,,,,,,,,,,,,,,,,,,,,,,cappucino,,,,,,,,,,,,,,,,
,,,,,,,,,,,,,,,,,,,,,,,,,flat white,,,,,,,,,,,,,,,,
,,,,,,,,,,,,,,,,,,,,,,,,,americano,,,,,,,,,,,,,,,,
,,,,,,,,,,,,,,,,,,,,,,,,,espresso,,,,,,,,,,,,,,,,
,,,,,,,,,,,,,,,,,,,,,,,,,mocha,,,,,,,,,,,,,,,,
,,,,,,,,,,,,,,,,,,,,,,,,,cold,,,,,,,,,,,,,,,,
,,,,,,,,,,,,,,,,,,,,,,,,,other,,,,,,,,,,,,,,,,
,,,,,,,,,,,,,,,,,,,,,,,,,,,,,,,,,,,,,,,,,
,,,,,,,,,,,,,,,,,,,,,,,,,no personalistion,,,,,,,,,,,,,,,,
